,Series,Contestant,Points Per Task,Total Points,Total Tasks,Total Tasks Judged Out Of 5,Points Per Task (Adjusted for Double Tasks & Rabbit/Laminator/Balloon Pop Tasks/Hot Dog),Points Per Task (Prorated for Winner Takes All Tasks),Percentage of Total Points Won,"Percentage of Total Points Won Out Of ""Technically Available""",Total Episodes,Total Points In Series,Average Total Points Per Episode In Series,Average Total Points Per Task In Series,"Average Total Points Per Task Judged Out Of Five (IE, Counting Double Tasks As 2 Tasks) In Series",Total Points Technically Available In Series,Total Prize Task Points,Prize Task Points Per Ep,% of Points From Prize Tasks,Subjective Task Points,Subjective Tasks,Percentage of subjective tasks in show,Subjective Task Average Score,Subjective Points Not Including Prize Tasks,% of Points From Subjective Tasks,Objective Task Points,Objective Tasks,Objective Task Average Score,% of points from objective tasks,Fastest Wins Tasks,"Points from ""Fastest Wins"" Tasks",Points Per Fastest Wins Task,Fastest Wins Task Wins,Difference Between Subjective and Objective Task Scores,Average Point Total Excluding Live Tasks,Average Point Total Excluding Prize Tasks,Average Point Total Excluding Prize Tasks (Adjusted for Double Tasks),Difference between Prize Task And Average,Total Live Task Points,Live Task Points Per Ep,Live Task Wins (Solo),Live Solo Tasks,Percentage of Live Tasks Won,% of points from Live Tasks,% of points from studio tasks (prize and live),Total Studio Points,Points Scored In Studio Per Episode,Difference between Live Task And Average,Team of 2 or Team of 3,Total Team Points,Total Team Tasks,Total Solo Tasks,Team Tasks Per Episode,Points Tally Without Team Tasks,Points Tally With Team Tasks Switched,Points Per Team Task,Team Task Rating (Team Task Score Vs Individual Score),Average Point Total Excluding Team Tasks,Average Point Total Excluding Prize Tasks AND Team Tasks,Average Point Total Excluding Prize Tasks AND Live Tasks,"Average Point Total Excluding Prize, Live AND Team Tasks",Solo Filmed Task Points,Solo Filmed Tasks,Points Per Solo Filmed Task,Total Bonus Points,Score Without Bonus Points,Points Per Task (Without Bonus Points),Bonus Points Per Ep,"Total DQ, Zero or Minus Pts","Total ""Winner Takes All"" Tasks (individual)","Total ""Winner Takes All"" Tasks (team)",Total DQ or Zero Points (not including WTA),Score if disqualification = one minus point,Total Number of DQ/0 Pts In Entire Series,% of tasks ending in DQ/0 Points,% of tasks ending in DQ/0 Pts In Entire Series,% of tasks ending in DQ/0 Pts (not including WTA),Total Episode Wins,% of Episodes Won,Highest Episode Score,Lowest Episode Score,Range In Episode Scores,Points Per Solo Task,Points Per Solo Task (Adjusted For Double Tasks),Difference between Solo Task and Average*,Total (Solo) Task Wins,% of Solo Task Won,"Total Last Places (DQ, 0 or 1 Pt) In Solo Task","Total Last Places (DQ, 0 or 1 Pt) In Solo Task (not wta)",% of Last Place In Solo Task,Ratio of Last Place to Wins,Combined First and Last Place Finishes,Combined % of Times Contestant Came First Or Last (Solo Tasks),Show Harshness Rating,Score Weighted By SHR (Show Harshness Rating),Gender,Points Per Subjective Task Per Series,Total Subjective Points in Series,Predicted Total Subjective Points In Series,Greg Harshness Rating,Subjective Score Weighted by GHR (Greg Harshness Rating,Total Score Weighted By GHR (Greg Harshness Rating),Total Points (Reworked for ONLY a total of 15 Points Awarded Per Task),Reworked Points Per Task,Date of birth,Star sign,First ep of series broadcast date,Age at first show broadcast date in days,Age at first show broadcast date,Average age in series,Greg's age in at series,Greg's age in series in years,How much older is Greg than contestant?,Difference between Greg's age and average age,"Age Order In Series (Oldest = 5, Youngest 1)",Difference Between Oldest and Youngest In Cast,Seat Position,University Degree,Footlights?,Birth Country,Birth place,Distance From Coast (miles),Height in cm,Dominant Hand,Number of children at time of recording,Outfit,Winner?,Position in Series,Gap Between 1st and 5th in Series,Job Before Current Profession,Job/Degree Kind,Chinese Year,Quoted In The TM Book of Quotes?,Facial Hair?,Hair Colour,Number of Books,Goodreads Score of Most Popular Book,"Given ""help""","Asked for help, refused",Music Available Online,Headwear worn?,Comedy Award Winner?,Member of the LGBTQ+ Community,Veggie or Vegan?,Main Outfit Colour (filmed tasks),Can they speak another language,"If second language, which",Syllables in name,Total Syllables in Names of Series,Siblings,Youngest/Oldest,What Did Jack Know About Them Before TM,Unique Name,"Appeared in ""Ghosts""","Appeared in ""Inside Number 9""","Appeared in ""Death In Paradise""",Appeared in Doctor Who,Have They Run The London Marathon (or similar?),Points Scored In Studio,Number of tasks in Studio,Points Per Studio Task,Points Scored In Study Tasks,Number of tasks in Study/Hallway,Points Per Study Task,Points Scored In Lab,Number of Tasks in Lab,Points Per Lab Task,Points Scored In Garden,Number of tasks in Garden,Points Per Garden Task,Points Scored In Special Location,Number of Tasks in Special Location,Points Per Special Location Task,Points Scored In Caravan/Biosphere/Hutch/Garage,Number of Tasks In Caravan/Biosphere/Hutch/Garage,Points Per Caravan/Biosphere/Hutch/Garage Task,Points Scored In Whole House/Out Of House Tasks/Misc Rooms,Number of Tasks Involving Whole House,Points Per Whole House Task,Alternate Scoring (House of Games Style) Score,HoG Score Per Ep,Score After Ep 1,PPT Score After Ep 1,Score After Ep 2,PPT Score After Ep 2,Score After Ep 3,PPT Score After Ep 3,Score After Ep 4,PPT Score After Ep 4,Score After Ep 5,PPT Score After Ep 5,Score After Ep 6,PPT Score After Ep 6,Score After Ep 7,PPT Score After Ep 7,Score After Ep 8,PPT Score After Ep 8,Score After Ep 9,PPT Score After Ep 9,Score After Ep 10,PPT Score After Ep 10
1,1,Frank Skinner,2.91,93,32,32,2.91,2.91,21.33%,19.68%,6,436,72.67,13.63,13.63,472.5,21,3.50,22.58%,35,11,34.38%,3.18,2.80,37.63%,58,21,2.76,62.37%,7,18,2.57,0,0.42,3.00,2.77,2.77,0.59,15,2.50,0,6,0.00%,16.13%,38.71%,36,6.00,-0.41,2,5,3,29,0.50,88,90,1.67,54.92%,3.03,2.91,2.85,3.06,52,17,3.06,0,93,2.91,0.00,1,0,0,1,92,11,3.13%,6.88%,3.13%,2,33.33%,20,9,11,3.03,3.03,0.17,3,10.34%,4,4,13.79%,0.75,7,24.14%,1.08,3.15,M,2.84,156,162.5,1.04,3.31,2.95,101.88,3.18,28-Jan-1957,Aquarius,28-Jul-2015,21365,58,40.67,17241,47,-11,6.33,5,26,1,Y,N,England,West Bromwich,76.96,178,R,1,Suit,N,2,26,Teacher,English (teacher),Monkey,N,N,Grey,5,4.34,1,0,Y,N,Y,,Meat,Black,No,,3,20,3,Youngest,Seen show,N,,,,Y,N,42,14,3.00,7,3,2.33,16,6,2.67,16,4,4.00,12,5,2.40,,,,,,,21,3.50,19,3.80,28,2.80,43,2.69,57,2.71,77,2.85,93,2.91,,,,,,,,
2,1,Josh Widdicombe,2.94,94,32,32,2.94,2.94,21.56%,19.89%,6,436,72.67,13.63,13.63,472.5,18,3.00,19.15%,31,11,34.38%,2.82,2.60,32.98%,63,21,3.00,67.02%,7,21,3.00,2,-0.18,3.00,2.92,2.92,0.06,16,2.67,1,6,16.67%,17.02%,36.17%,34,5.67,-0.27,3,2,3,29,0.50,92,97,0.67,21.01%,3.17,3.22,3.00,3.41,58,17,3.41,1,93,2.91,0.17,3,0,0,3,91,11,9.38%,6.88%,9.38%,2,33.33%,22,9,13,3.17,3.17,-0.20,9,31.03%,4,4,13.79%,2.25,13,44.83%,1.08,3.18,M,2.84,156,162.5,1.04,2.94,2.98,97.50,3.05,08-Apr-1983,Aries,28-Jul-2015,11799,32,40.67,17241,47,15,6.33,1,26,2,Y,N,England,London,38.59,169,R,0,Normal,Y,1,26,None,Linguistics,Pig,N,N,Blonde,2,3.92,0,0,N,N,Nom,,Veggie,Black,No,,4,20,1,Youngest,Met them,Y,,,,,N,44,14,3.14,4,3,1.33,16,6,2.67,15,4,3.75,15,5,3.00,,,,,,,21,3.50,13,2.60,29,2.90,51,3.19,67,3.19,85,3.15,94,2.94,,,,,,,,
3,1,Roisin Conaty,2.13,68,32,32,2.13,2.13,15.60%,14.39%,6,436,72.67,13.63,13.63,472.5,10,1.67,14.71%,21,11,34.38%,1.91,2.20,30.88%,47,21,2.24,69.12%,7,17,2.43,1,-0.33,2.08,2.23,2.23,-0.46,14,2.33,2,6,33.33%,20.59%,35.29%,24,4.00,0.21,3,2,3,29,0.50,66,71,0.67,29.29%,2.28,2.43,2.20,2.47,42,17,2.47,0,68,2.13,0.00,3,0,0,3,65,11,9.38%,6.88%,9.38%,1,16.67%,21,7,14,2.28,2.28,-0.12,5,17.24%,14,14,48.28%,0.36,19,65.52%,1.08,2.30,F,2.84,156,162.5,1.04,1.99,2.15,72.00,2.25,26-Mar-1979,Aries,28-Jul-2015,13273,36,40.67,17241,47,11,6.33,2,26,3,Y,N,England,London,35.3,173,R,0,Normal,N,5,26,Office,NA,Goat,Y,N,Blonde,0,NA,2,0,N,N,Y,,Meat,Pink,No,,5,20,1,Oldest,Heard of them,Y,,,,,N,30,14,2.14,7,3,2.33,12,6,2.00,11,4,2.75,8,5,1.60,,,,,,,12,2.00,7,1.40,28,2.80,37,2.31,46,2.19,60,2.22,68,2.13,,,,,,,,
4,1,Romesh Ranganathan,2.91,93,32,32,2.91,2.91,21.33%,19.68%,6,436,72.67,13.63,13.63,472.5,16,2.67,17.20%,32,11,34.38%,2.91,3.20,34.41%,61,21,2.90,65.59%,7,16,2.29,1,0.00,2.88,2.96,2.96,-0.24,18,3.00,0,6,0.00%,19.35%,36.56%,34,5.67,0.09,3,2,3,29,0.50,91,96,0.67,21.25%,3.14,3.26,2.95,3.35,57,17,3.35,0,93,2.91,0.00,2,0,0,2,91,11,6.25%,6.88%,6.25%,0,0.00%,22,10,12,3.14,3.14,-0.20,4,13.79%,4,4,13.79%,1.00,8,27.59%,1.08,3.15,M,2.84,156,162.5,1.04,3.03,2.95,95.50,2.98,27-Mar-1978,Aries,28-Jul-2015,13637,37,40.67,17241,47,10,6.33,3,26,4,Y,N,England,Sussex,20.61,182,R,3,Suit,N,2,26,Teacher,Teacher,Horse,N,Beard,Black,2,3.93,0,0,N,N,Nom,,Vegan,Black,No,,6,20,1,Oldest,Met them,Y,,,,,Y,40,14,2.86,8,3,2.67,24,6,4.00,10,4,2.50,11,5,2.20,,,,,,,21,3.50,19,3.80,33,3.30,55,3.44,65,3.10,81,3.00,93,2.91,,,,,,,,
5,1,Tim Key,2.75,88,32,32,2.75,2.75,20.18%,18.62%,6,436,72.67,13.63,13.63,472.5,25,4.17,28.41%,37,11,34.38%,3.36,2.40,42.05%,51,21,2.43,57.95%,7,15,2.14,1,0.94,2.73,2.42,2.42,1.42,17,2.83,2,6,33.33%,19.32%,47.73%,42,7.00,0.08,2,5,3,29,0.50,83,85,1.67,58.23%,2.86,2.52,2.30,2.41,41,17,2.41,0,88,2.75,0.00,2,0,0,2,86,11,6.25%,6.88%,6.25%,1,16.67%,18,9,9,2.86,2.86,0.11,8,27.59%,6,6,20.69%,1.33,14,48.28%,1.08,2.98,M,2.84,156,162.5,1.04,3.50,2.80,96.13,3.00,02-Sep-1976,Virgo,28-Jul-2015,14208,38,40.67,17241,47,9,6.33,4,26,5,Y,Y,England,Cambridge,47.35,177.8,R,0,Costume,N,4,26,None,Language,Dragon,Y,Stubble beard,Brown,5,4.67,2,0,N,N,Y,,Meat,Red,Yes,Russian,2,20,1,Youngest,Heard of them,N,,Y,,,Y,44,14,3.14,10,3,3.33,15,6,2.50,8,4,2.00,11,5,2.20,,,,,,,18,3.00,17,3.40,35,3.50,51,3.19,60,2.86,70,2.59,88,2.75,,,,,,,,
6,2,Doc Brown,2.79,78,28,28,2.79,2.85,18.71%,19.38%,5,417,83.40,14.89,14.89,402.5,17,3.40,21.79%,35,12,42.86%,2.92,2.57,44.87%,43,16,2.69,55.13%,7,9,1.29,0,0.23,2.48,2.65,2.65,0.61,21,4.20,1,5,20.00%,26.92%,48.72%,38,7.60,1.41,3,6,3,25,0.60,72,81,2.00,69.44%,2.88,2.75,2.22,2.27,34,15,2.27,1,77,2.75,0.20,5,1,0,4,74,21,17.86%,15.00%,14.81%,1,20.00%,21,9,12,2.88,2.88,-0.09,3,12.00%,7,6,25.00%,0.50,9,37.00%,0.97,2.69,M,3.02,181,175,0.97,2.82,2.74,68.20,2.50,21-Sep-1977,Virgo,21-Jun-2016,14153,38,38.43,17570,48,10,9.57,3,13,1,N,N,England,London,36.89,170,R,2,Normal,N,4,25,None,NA,Snake,Y,N,Black,4,3.48,0,0,Y,N,N,,Inconclusive,Green,No,,2,18,2,Middle,Heard of them,Y,,,,Y,N,41,11,3.73,15,5,3.00,13,6,2.17,6,2,3.00,3,4,0.75,,,,,,,14,2.80,9,1.80,27,2.45,48,2.82,66,2.87,78,2.79,,,,,,,,,,
7,2,Joe Wilkinson,2.46,69,28,28,2.46,2.52,16.55%,17.14%,5,417,83.40,14.89,14.89,402.5,17,3.40,24.64%,35,12,42.86%,2.92,2.57,50.72%,34,16,2.13,49.28%,7,10,1.43,1,0.79,2.48,2.26,2.26,0.94,12,2.40,0,5,0.00%,17.39%,42.03%,29,5.80,-0.06,3,6,3,25,0.60,63,72,2.00,79.37%,2.52,2.30,2.22,2.27,34,15,2.27,1,68,2.43,0.20,7,1,0,6,63,21,25.00%,15.00%,22.22%,0,0.00%,25,8,17,2.52,2.52,-0.06,3,12.00%,9,8,33.33%,0.38,11,45.33%,0.97,2.38,M,3.02,181,175,0.97,2.82,2.42,58.20,2.13,02-May-1975,Taurus,21-Jun-2016,15026,41,38.43,17570,48,7,9.57,4,13,2,N,N,England,London,30,180.5,R,0,Suit,N,5,25,None,NA,Rabbit,N,Beard,Brown,0,NA,0,0,N,N,N,,Meat,Brown,No,,4,18,1,NA,Heard of them,N,,,,,Brighton Half Marathon,31,11,2.82,14,5,2.80,10,6,1.67,3,2,1.50,5,4,1.25,,,,,,,8,1.60,8,1.60,20,1.82,45,2.65,57,2.48,68,2.43,,,,,,,,,,
8,2,Jon Richardson,3.21,90,28,28,3.21,3.29,21.58%,22.36%,5,417,83.40,14.89,14.89,402.5,14,2.80,15.56%,34,12,42.86%,2.83,2.86,37.78%,56,16,3.50,62.22%,7,24,3.43,2,-0.67,3.26,3.30,3.30,-0.41,15,3.00,1,5,20.00%,16.67%,32.22%,29,5.80,-0.21,2,9,3,25,0.60,81,87,3.00,92.59%,3.24,3.35,3.39,3.47,52,15,3.47,0,90,3.21,0.00,2,1,0,2,88,21,7.14%,15.00%,7.41%,1,20.00%,25,13,12,3.24,3.24,-0.03,8,32.00%,5,5,20.83%,1.60,13,52.83%,0.97,3.10,M,3.02,181,175,0.97,2.74,3.17,86.20,3.15,26-Sep-1982,Libra,21-Jun-2016,12322,33,38.43,17570,48,15,9.57,2,13,3,N,N,England,Lancashire,19.07,173,R,1,Normal,N,2,25,Chef,NA,Dog,N,Stubble beard,Brown,2,3.6,0,0,N,N,Nom,,Vegan,Black,No,,4,18,NA,NA,Heard of them,N,,,,,N,30,11,2.73,19,5,3.80,25,6,4.17,7,2,3.50,10,4,2.50,,,,,,,18,3.60,18,3.60,43,3.91,60,3.53,77,3.35,90,3.21,,,,,,,,,,
9,2,Katherine Ryan,3.36,94,28,28,3.00,3.07,22.54%,20.87%,5,417,83.40,14.89,14.89,402.5,17,3.40,18.09%,41,12,42.86%,3.42,3.43,43.62%,53,16,3.31,56.38%,7,17,2.43,1,0.10,3.00,3.35,2.91,0.04,25,5.00,1,5,20.00%,26.60%,44.68%,42,8.40,1.64,3,6,3,25,0.60,88,97,2.00,56.82%,3.52,3.55,2.89,3.07,46,15,3.07,1,93,3.32,0.20,4,1,0,3,91,21,14.29%,15.00%,11.11%,1,20.00%,30,13,17,3.52,3.12,-0.16,3,12.00%,4,3,12.50%,1.00,6,24.50%,0.97,2.90,F,3.02,181,175,0.97,3.30,3.31,81.70,2.99,30-Jun-1983,Cancer,21-Jun-2016,12045,32,38.43,17570,48,16,9.57,1,13,4,Y,N,Canada,Ontario,2.67,168,R,1,Normal,Y,1,25,Waiter,City Planning,Pig,N,N,Blonde,1,4.19,0,0,Masked Singer,N,N,,Meat,Grey,Yes,French,4,18,2,Oldest,Heard of them,N,,,,,N,46,11,4.18,16,5,3.20,12,6,2.00,8,2,4.00,11,4,2.75,,,,,,,19,3.80,17,3.40,36,3.27,66,3.88,81,3.52,94,3.36,,,,,,,,,,
10,2,Richard Osman,3.07,86,28,28,3.07,3.15,20.62%,21.37%,5,417,83.40,14.89,14.89,402.5,11,2.20,12.79%,36,12,42.86%,3.00,3.57,41.86%,50,16,3.13,58.14%,7,32,4.57,4,-0.13,3.00,3.26,3.26,-0.87,17,3.40,2,5,40.00%,19.77%,32.56%,28,5.60,0.33,2,9,3,25,0.60,77,83,3.00,97.40%,3.08,3.30,3.22,3.27,49,15,3.27,0,86,3.07,0.00,3,1,0,2,84,21,10.71%,15.00%,7.41%,2,40.00%,27,5,22,3.08,3.08,-0.01,7,28.00%,5,4,16.67%,1.75,11,44.67%,0.97,2.96,M,3.02,181,175,0.97,2.90,3.03,79.70,2.92,28-Nov-1970,Sagittarius,21-Jun-2016,16642,45,38.43,17570,48,3,9.57,5,13,5,OXBRIDGE,Y,England,Essex,11.84,200,R,2,Suit,N,3,25,Media,NA,Dog,N,N,Black,5,4.47,1,0,N,N,N,,Meat,Dark blue,No,,4,18,1,Youngest,Seen Show,N,,,,,N,33,11,3.00,13,5,2.60,18,6,3.00,4,2,2.00,18,4,4.50,,,,,,,17,3.40,20,4.00,35,3.18,62,3.65,67,2.91,86,3.07,,,,,,,,,,
11,3,Al Murray,2.96,80,27,27,2.96,3.04,20.73%,20.65%,5,386,77.20,14.30,14.30,387.5,14,2.80,17.50%,34,12,44.44%,2.83,2.86,42.50%,46,15,3.07,57.50%,4,11,2.75,2,-0.23,3.05,3.00,3.00,-0.16,13,2.60,2,5,40.00%,16.25%,33.75%,27,5.40,-0.36,3,8,3,24,0.60,72,79,2.67,88.89%,3.00,3.05,3.12,3.21,45,14,3.21,0,80,2.96,0.00,3,1,0,2,78,13,11.11%,9.63%,7.69%,1,20.00%,21,9,12,3.00,3.00,-0.04,7,29.17%,6,5,21.74%,1.40,12,50.91%,1.00,2.97,M,2.93,176,177.5,1.01,2.86,2.97,79.90,3.03,10-May-1968,Taurus,04-Oct-2016,17679,48,40.45,17675,48,0,7.55,5,18,1,OXBRIDGE,N,England,Northamptonshire,66.07,191,R,3,Suit,N,3,21,None,History,Monkey,N,Stubble beard,Bald,6,4.45,1,0,N,Y,Y,,Meat,Blue,No,,3,16,0,NA,Heard of them,N,,,,Y,N,30,11,2.73,6,4,1.50,8,3,2.67,17,5,3.40,14,3,4.67,,,,5,1,5.00,18,3.60,21,4.20,39,3.55,48,2.82,64,2.91,80,2.96,,,,,,,,,,
12,3,Dave Gorman,3.00,81,27,27,3.00,3.08,20.98%,20.90%,5,386,77.20,14.30,14.30,387.5,17,3.40,20.99%,43,12,44.44%,3.58,3.71,53.09%,38,15,2.53,46.91%,4,10,2.50,0,1.05,3.09,2.91,2.91,0.40,13,2.60,0,5,0.00%,16.05%,37.04%,30,6.00,-0.40,3,8,3,24,0.60,73,80,2.67,87.67%,3.04,2.95,3.00,3.07,43,14,3.07,0,81,3.00,0.00,3,1,0,2,79,13,11.11%,9.63%,7.69%,1,20.00%,21,13,8,3.04,3.04,-0.04,5,20.83%,4,3,13.04%,1.67,8,33.88%,1.00,3.01,M,2.93,176,177.5,1.01,3.61,3.01,80.40,3.05,02-Mar-1971,Pisces,04-Oct-2016,16653,45,40.45,17675,48,3,7.55,4,18,2,N,N,England,Stafford,58.92,175,R,1,Normal,N,2,21,Media,Maths,Pig,N,Stubble beard,Brown,5,4.17,0,0,N,N,Nom,,Pescetarian,Blue,No,,3,16,3,Youngest (twin),Seen show,N,,,,,N,35,11,3.18,14,4,3.50,10,3,3.33,12,5,2.40,7,3,2.33,,,,3,1,3.00,17,3.40,13,2.60,30,2.73,51,3.00,68,3.09,81,3.00,,,,,,,,,,
13,3,Paul Chowdhry,2.44,66,27,27,2.44,2.51,17.10%,17.03%,5,386,77.20,14.30,14.30,387.5,13,2.60,19.70%,28,12,44.44%,2.33,2.14,42.42%,38,15,2.53,57.58%,4,9,2.25,0,-0.20,2.50,2.41,2.41,0.16,11,2.20,0,5,0.00%,16.67%,36.36%,24,4.80,-0.24,3,8,3,24,0.60,58,65,2.67,110.34%,2.42,2.37,2.47,2.43,34,14,2.43,0,66,2.44,0.00,4,1,0,3,63,13,14.81%,9.63%,11.54%,1,20.00%,22,8,14,2.42,2.42,0.03,3,12.50%,9,8,34.78%,0.38,11,47.28%,1.00,2.45,M,2.93,176,177.5,1.01,2.35,2.45,64.90,2.46,21-Aug-1974,Leo,04-Oct-2016,15385,42,40.45,17675,48,6,7.55,3,18,3,N,N,England,London,33.71,173,R,0,Normal,N,5,21,None,NA,Tiger,Y,Beard,Black,0,NA,0,0,N,N,N,,Meat,Blue,Yes,Punjabi,3,16,NA,NA,Heard of them,N,,,,,N,26,11,2.36,10,4,2.50,9,3,3.00,12,5,2.40,8,3,2.67,,,,1,1,1.00,10,2.00,8,1.60,21,1.91,43,2.53,54,2.45,66,2.44,,,,,,,,,,
14,3,Rob Beckett,3.22,87,27,27,3.22,3.30,22.54%,22.45%,5,386,77.20,14.30,14.30,387.5,16,3.20,18.39%,36,12,44.44%,3.00,2.86,41.38%,51,15,3.40,58.62%,4,12,3.00,2,-0.40,3.23,3.23,3.23,-0.02,16,3.20,2,5,40.00%,18.39%,36.78%,32,6.40,-0.02,2,7,3,24,0.60,80,88,2.33,70.00%,3.33,3.37,3.24,3.43,48,14,3.43,0,87,3.22,0.00,2,1,0,2,85,13,7.41%,9.63%,7.69%,2,40.00%,21,15,6,3.33,3.33,-0.11,7,29.17%,2,2,8.70%,3.50,9,37.86%,1.00,3.23,M,2.93,176,177.5,1.01,3.03,3.23,85.90,3.26,02-Jan-1986,Capricorn,04-Oct-2016,11233,30,40.45,17675,48,18,7.55,1,18,4,Y,N,England,London,30,170,R,1,Normal,Y,1,21,None,Tourism Management,Ox,N,N,Blonde,2,4.4,0,0,N,N,N,,Meat,Blue,No,,3,16,4,Second youngest,Heard of them,N,,,,,N,36,11,3.27,11,4,2.75,6,3,2.00,21,5,4.20,9,3,3.00,,,,4,1,4.00,19,3.80,15,3.00,36,3.27,55,3.24,70,3.18,87,3.22,,,,,,,,,,
15,3,Sara Pascoe,2.67,72,27,27,2.67,2.73,18.65%,18.58%,5,386,77.20,14.30,14.30,387.5,14,2.80,19.44%,35,12,44.44%,2.92,3.00,48.61%,37,15,2.47,51.39%,4,12,3.00,1,0.45,2.77,2.64,2.64,0.13,11,2.20,1,5,20.00%,15.28%,34.72%,25,5.00,-0.47,2,7,3,24,0.60,65,73,2.33,86.15%,2.71,2.68,2.76,2.86,40,14,2.86,0,72,2.67,0.00,1,1,0,1,71,13,3.70%,9.63%,3.85%,0,0.00%,17,9,8,2.71,2.71,-0.04,3,12.50%,5,4,17.39%,0.75,7,29.89%,1.00,2.68,F,2.93,176,177.5,1.01,2.94,2.68,71.90,2.73,22-May-1981,Gemini,04-Oct-2016,12919,35,40.45,17675,48,13,7.55,2,18,5,Y,N,England,London,21.32,160,R,0,Normal,N,4,21,Temp,NA,Rooster,N,N,Blonde,3,4.15,0,1,N,N,Nom,,Vegan,Green,No,,4,16,2,Middle,Seen show,N,,,,,N,26,11,2.36,13,4,3.25,9,3,3.00,16,5,3.20,6,3,2.00,,,,2,1,2.00,11,2.20,16,3.20,32,2.91,49,2.88,63,2.86,72,2.67,,,,,,,,,,
16,4,Hugh Dennis,2.87,129,45,46,2.80,2.89,19.31%,19.55%,8,668,83.50,14.84,14.52,660,13,1.63,10.08%,47,20.5,45.56%,2.29,2.72,36.43%,82,24.5,3.35,63.57%,8,26,3.25,2,-1.05,2.86,3.14,3.05,-1.24,23,2.88,1,8,12.50%,17.83%,27.91%,36,4.50,0.01,2,15,4,41,0.50,114,119,3.75,134.87%,2.78,3.06,3.21,3.12,78,25,3.12,2,127,2.82,0.25,4,2,0,2,127,20,8.89%,8.70%,4.65%,1,12.50%,21,13,8,2.78,2.71,0.09,7,17.07%,14,12,30.00%,0.58,19,47.07%,0.99,2.77,M,3.05,313,305,0.97,2.23,2.84,126.17,2.82,13-Feb-1962,Aquarius,25-Apr-2017,20160,55,40.69,17878,48,-7,7.31,5,29,1,OXBRIDGE,Y,England,Northamptonshire,60.81,185,R,2,Normal,N,4,19,Marketing,Geography,Tiger,N,Stubble beard,Grey,1,3.36,0,0,N,N,N,,Meat,Blue,No,,3,18,1,Youngest,Met them,Y,,,,,Y,36,16,2.25,24,7,3.43,8,4,2.00,41,12,3.42,18,5,3.60,2,1,2.00,,,,22,2.75,13,2.60,30,2.73,45,2.65,62,2.70,83,2.86,96,2.82,116,2.90,129,2.87,,,,
17,4,Joe Lycett,3.02,136,45,46,2.96,3.04,20.36%,20.61%,8,668,83.50,14.84,14.52,660,24,3.00,17.65%,68,20.5,45.56%,3.32,3.52,50.00%,68,24.5,2.78,50.00%,8,24,3.00,1,0.54,3.05,3.03,2.95,-0.02,23,2.88,2,8,25.00%,16.91%,34.56%,47,5.88,-0.15,3,5,4,41,0.50,131,146,1.25,39.12%,3.20,3.24,3.07,3.36,84,25,3.36,2,134,2.98,0.25,4,2,0,3,133,20,8.89%,8.70%,6.98%,2,25.00%,20,13,7,3.20,3.12,-0.17,7,17.07%,2,1,2.50%,7.00,8,19.57%,0.99,2.92,M,3.05,313,305,0.97,3.23,2.98,131.08,2.93,05-Jul-1988,Cancer,25-Apr-2017,10521,28,40.69,17878,48,20,7.31,2,29,2,Y,N,England,Birmingham,81.75,184,R,0,Normal,N,2,19,None,NA,Dragon,N,N,Blonde,1,4.09,0,0,N,N,Nom,Y,Meat,Dark blue,No,,3,18,1,Youngest,Seen show,N,,,,,N,47,16,2.94,29,7,4.14,15,4,3.75,28,12,2.33,13,5,2.60,4,1,4.00,,,,26,3.25,17,3.40,30,2.73,49,2.88,68,2.96,86,2.97,100,2.94,120,3.00,136,3.02,,,,
18,4,Lolly Adefope,2.78,125,45,46,2.72,2.80,18.71%,18.94%,8,668,83.50,14.84,14.52,660,34,4.25,27.20%,57,20.5,45.56%,2.78,1.84,45.60%,68,24.5,2.78,54.40%,8,28,3.50,2,0.00,2.89,2.46,2.39,1.47,18,2.25,1,8,12.50%,14.40%,41.60%,52,6.50,-0.53,3,5,4,41,0.50,120,135,1.25,42.71%,2.93,2.61,2.52,2.72,68,25,2.72,0,125,2.78,0.00,4,2,0,2,123,20,8.89%,8.70%,4.65%,1,12.50%,20,12,8,2.93,2.86,-0.15,9,21.95%,8,9,22.50%,1.00,18,44.45%,0.99,2.68,F,3.05,313,305,0.97,2.71,2.75,125.25,2.80,14-Sep-1990,Virgo,25-Apr-2017,9720,26,40.69,17878,48,22,7.31,1,29,3,Y,N,England,London,36.74,163,R,0,Normal,N,5,19,Office,English,Horse,Y,N,Black,0,NA,0,0,N,N,N,,Meat,Black,No,,6,18,1,NA,Seen show,Y,Y,,,,N,52,16,3.25,25,7,3.57,15,4,3.75,19,12,1.58,8,5,1.60,3,1,3.00,,,,23,2.88,13,2.60,31,2.82,43,2.53,58,2.52,73,2.52,92,2.71,112,2.80,125,2.78,,,,
19,4,Mel Giedroyc,2.98,134,45,46,2.91,3.00,20.06%,20.30%,8,668,83.50,14.84,14.52,660,18,2.25,13.43%,60,20.5,45.56%,2.93,3.36,44.78%,74,24.5,3.02,55.22%,8,17,2.13,0,-0.09,2.89,3.14,3.05,-0.73,27,3.38,4,8,50.00%,20.15%,33.58%,45,5.63,0.40,2,15,4,41,0.50,119,124,3.75,129.20%,2.90,3.06,3.07,2.96,74,25,2.96,2,132,2.93,0.25,3,2,0,1,133,20,6.67%,8.70%,2.33%,3,37.50%,24,3,21,2.90,2.83,0.08,10,24.39%,8,7,17.50%,1.43,17,41.89%,0.99,2.88,F,3.05,313,305,0.97,2.85,2.94,132.08,2.96,05-Jun-1968,Gemini,25-Apr-2017,17856,48,40.69,17878,48,0,7.31,4,29,4,OXBRIDGE,Y,England,Surrey,34.81,166,R,2,Boiler suit,N,3,19,None,Language,Monkey,N,N,Blonde,3,3.59,1,0,Y,N,N,,Meat,Green,Yes,French/Italian,3,18,3,Second oldest,Seen show,Y,,,,Y,N,45,16,2.81,24,7,3.43,9,4,2.25,36,12,3.00,17,5,3.40,3,1,3.00,,,,29,3.63,16,3.20,36,3.27,39,2.29,63,2.74,84,2.90,100,2.94,113,2.83,134,2.98,,,,
20,4,Noel Fielding,3.20,144,45,46,3.13,3.22,21.56%,21.82%,8,668,83.50,14.84,14.52,660,30,3.75,20.83%,81,20.5,45.56%,3.95,4.08,56.25%,63,24.5,2.57,43.75%,8,24,3.00,2,1.38,3.43,3.08,3.00,0.55,17,2.13,1,8,12.50%,11.81%,32.64%,47,5.88,-1.08,3,5,4,41,0.50,139,154,1.25,36.87%,3.39,3.30,3.34,3.68,92,25,3.68,3,141,3.13,0.38,5,2,0,3,141,20,11.11%,8.70%,6.98%,1,12.50%,23,12,11,3.39,3.31,-0.19,14,34.15%,8,6,15.00%,2.33,20,49.15%,0.99,3.09,M,3.05,313,305,0.97,3.85,3.15,143.42,3.21,21-Jun-1973,Cancer,25-Apr-2017,16014,43,40.69,17878,48,5,7.31,3,29,5,Y,N,England,London,33.59,176,R,0,Costume,Y,1,19,None,Graphic Design,Ox,N,Stubble,Black,1,4.27,0,0,Y,N,Y,,Nothing?,Yellow,No,,3,18,1,Oldest,Seen show,Y,,,,,N,47,16,2.94,24,7,3.43,15,4,3.75,39,12,3.25,15,5,3.00,5,1,5.00,,,,28,3.50,18,3.60,36,3.27,55,3.24,78,3.39,90,3.10,105,3.09,124,3.10,144,3.20,,,,
21,5,Aisling Bea,2.93,126,43,44,2.86,2.91,19.97%,19.61%,8,631,78.88,14.67,14.34,642.5,26,3.25,20.63%,67,21,48.84%,3.19,3.15,53.17%,59,22,2.68,46.83%,7,10,1.43,0,0.51,2.83,2.86,2.78,0.32,27,3.38,4,8,50.00%,21.43%,42.06%,53,6.63,0.44,3,7,3,40,0.38,119,127,2.33,78.43%,2.98,2.91,2.70,2.75,66,24,2.75,0,126,2.93,0.00,6,1,0,5,121,27,13.95%,12.27%,11.90%,0,0.00%,24,10,14,2.98,2.90,-0.04,9,22.50%,7,6,15.00%,1.50,15,37.50%,1.02,2.92,F,3.11,327,307.5,0.94,3.00,2.84,120.03,2.77,16-Mar-1984,Pisces,13-Sep-2017,12234,33,41.76,18019,49,16,7.24,2,26,1,Y,N,Ireland,Kildare,29.68,170,R,0,Boiler suit,N,4,31,None,NA,Rat,N,N,Black,0,NA,2,0,N,N,Nom,,Pescetarian,Green,Yes,French/Gaelic,3,17,1,Oldest,Seen show,Y,,,,Y,N,53,16,3.31,16,6,2.67,11,5,2.20,27,7,3.86,15,6,2.50,0,2,0.00,4,2,2.00,24,3.00,13,2.60,30,2.73,43,2.69,67,3.05,82,3.04,99,3.09,116,3.05,126,2.93,,,,
22,5,Bob Mortimer,3.21,138,43,44,3.14,3.18,21.87%,21.48%,8,631,78.88,14.67,14.34,642.5,25,3.13,18.12%,66,21,48.84%,3.14,3.15,47.83%,72,22,3.27,52.17%,7,30,4.29,4,-0.13,3.23,3.23,3.14,-0.08,25,3.13,2,8,25.00%,18.12%,36.23%,50,6.25,-0.08,3,7,3,40,0.38,131,139,2.33,71.25%,3.28,3.31,3.26,3.38,81,24,3.38,0,138,3.21,0.00,4,1,0,3,135,27,9.30%,12.27%,7.14%,3,37.50%,21,14,7,3.28,3.20,-0.07,14,35.00%,9,8,20.00%,1.75,22,55.00%,1.02,3.19,M,3.11,327,307.5,0.94,2.96,3.12,132.70,3.06,23-May-1959,Gemini,13-Sep-2017,21298,58,41.76,18019,49,-9,7.24,5,26,2,Y,N,England,Middlesbrough,4.97,170,R,2,Suit,Y,1,31,Solicitor,Law,Pig,N,Stubble,Grey,4,4.37,0,0,Y,N,N,,Meat,Blue,No,,4,17,3,Youngest,Seen show,N,,,,,N,50,16,3.13,16,6,2.67,16,5,3.20,25,7,3.57,22,6,3.67,0,2,0.00,9,2,4.50,31,3.88,18,3.60,34,3.09,51,3.19,72,3.27,86,3.19,104,3.25,122,3.21,138,3.21,,,,
23,5,Mark Watson,3.02,130,43,44,2.95,3.00,20.60%,20.23%,8,631,78.88,14.67,14.34,642.5,23,2.88,17.69%,61,21,48.84%,2.90,2.92,46.92%,69,22,3.14,53.08%,7,24,3.43,1,-0.23,2.89,3.06,2.97,-0.15,29,3.63,3,8,37.50%,22.31%,40.00%,52,6.50,0.60,2,8,3,40,0.38,122,129,2.67,87.43%,3.05,3.09,2.89,2.92,70,24,2.92,0,130,3.02,0.00,4,1,0,3,127,27,9.30%,12.27%,7.14%,2,25.00%,24,11,13,3.05,2.98,-0.03,8,20.00%,8,7,17.50%,1.14,15,37.50%,1.02,3.01,M,3.11,327,307.5,0.94,2.73,2.94,124.03,2.86,13-Feb-1980,Aquarius,13-Sep-2017,13727,37,41.76,18019,49,12,7.24,3,26,3,OXBRIDGE,Y,England,Bristol,18.78,182,L,2,Normal,N,2,31,None,English,Goat,N,Beard,Black,5,3.72,1,0,N,N,Nom,,Meat,Dark blue,No,,3,17,3,Oldest,Seen show,Y,,,,,N,52,16,3.25,20,6,3.33,16,5,3.20,23,7,3.29,17,6,2.83,2,2,1.00,4,2,2.00,27,3.38,17,3.40,36,3.27,51,3.19,75,3.41,91,3.37,104,3.25,119,3.13,130,3.02,,,,
24,5,Nish Kumar,2.49,107,43,44,2.43,2.47,16.96%,16.65%,8,631,78.88,14.67,14.34,642.5,17,2.13,15.89%,59,21,48.84%,2.81,3.23,55.14%,48,22,2.18,44.86%,7,14,2.00,1,0.63,2.43,2.57,2.50,-0.36,22,2.75,1,8,12.50%,20.56%,36.45%,39,4.88,0.26,2,8,3,40,0.38,99,106,2.67,107.74%,2.48,2.56,2.52,2.50,60,24,2.50,0,107,2.49,0.00,6,1,0,5,102,27,13.95%,12.27%,11.90%,0,0.00%,19,12,7,2.48,2.41,0.01,7,17.50%,14,13,32.50%,0.54,20,50.00%,1.02,2.48,M,3.11,327,307.5,0.94,2.64,2.41,103.20,2.38,26-Aug-1985,Virgo,13-Sep-2017,11706,32,41.76,18019,49,17,7.24,1,26,4,Y,N,England,London,37.57,175,R,0,Suit,N,5,31,None,English/History,Ox,N,Beard,Black,0,NA,0,0,N,N,Nom,,Meat,Black,No,,3,17,1,Oldest,Met them,Y,,,,,N,39,16,2.44,15,6,2.50,11,5,2.20,23,7,3.29,17,6,2.83,3,2,1.50,4,2,2.00,14,1.75,13,2.60,32,2.91,44,2.75,56,2.55,69,2.56,81,2.53,93,2.45,107,2.49,,,,
25,5,Sally Phillips,3.02,130,43,44,2.95,3.00,20.60%,20.23%,8,631,78.88,14.67,14.34,642.5,30,3.75,23.08%,74,21,48.84%,3.52,3.38,56.92%,56,22,2.55,43.08%,7,18,2.57,1,0.98,3.09,2.86,2.78,0.73,22,2.75,1,8,12.50%,16.92%,40.00%,52,6.50,-0.27,3,7,3,40,0.38,123,131,2.33,75.88%,3.08,2.91,2.89,2.96,71,24,2.96,0,130,3.02,0.00,5,1,0,5,125,27,11.63%,12.27%,11.90%,3,37.50%,20,14,6,3.08,3.00,-0.05,8,20.00%,8,8,20.00%,1.00,16,40.00%,1.02,3.01,F,3.11,327,307.5,0.94,3.31,2.92,126.03,2.91,10-May-1970,Taurus,13-Sep-2017,17293,47,41.76,18019,49,2,7.24,4,26,5,OXBRIDGE,N,Hong Kong,Hong Kong,2.7,163,R,3,Normal,N,2,31,None,Language,Dog,N,N,Blonde,0,NA,2,0,Y,N,N,,Meat,Pink,Yes,NA,4,17,2,Oldest,Seen show,Y,,,Y,,N,52,16,3.25,10,6,1.67,14,5,2.80,22,7,3.14,19,6,3.17,5,2,2.50,8,2,4.00,30,3.75,14,2.80,34,3.09,50,3.13,65,2.95,79,2.93,97,3.03,113,2.97,130,3.02,,,,
26,6,Alice Levine,2.71,152,56,57,2.67,2.73,18.16%,18.54%,10,837,83.70,14.95,14.68,820,24,2.40,15.79%,66,25.5,45.54%,2.59,2.71,43.42%,86,30.5,2.82,56.58%,2,3,1.50,0,-0.23,2.72,2.78,2.72,-0.31,27,2.70,3,10,30.00%,17.76%,33.55%,51,5.10,-0.01,2,20,6,50,0.60,132,155,3.33,126.26%,2.64,2.70,2.81,2.70,81,30,2.70,0,152,2.71,0.00,6,2,0,5,147,23,10.71%,8.07%,9.26%,2,20.00%,23,6,17,2.64,2.59,0.07,8,16.33%,11,10,20.41%,0.80,18,36.73%,0.98,2.61,F,2.99,381,377.5,0.99,2.56,2.70,143.10,2.57,08-Jul-1986,Cancer,02-May-2018,11621,31,40.99,18250,49,18,8.01,2,23,1,Y,N,England,Nottinghamshire,66.38,170.2,R,0,Normal,N,5,29,Presenter,English,Tiger,N,N,Red,1,4.31,1,0,N,N,N,,Meat,Green,No,,4,18,1,Oldest,Heard of them,Y,,,,,N,51,20,2.55,27,8,3.38,22,6,3.67,24,9,2.67,12,6,2.00,5,2,2.50,5,1,5.00,26,2.60,18,3.60,31,2.82,37,2.31,60,2.73,76,2.71,91,2.68,105,2.63,118,2.62,136,2.67,152,2.71
27,6,Asim Chaudhry,2.84,159,56,57,2.79,2.86,19.00%,19.39%,10,837,83.70,14.95,14.68,820,23,2.30,14.47%,66,25.5,45.54%,2.59,2.77,41.51%,93,30.5,3.05,58.49%,2,9,4.50,1,-0.46,2.89,2.96,2.89,-0.54,26,2.60,1,10,10.00%,16.35%,30.82%,49,4.90,-0.24,3,23,6,50,0.60,136,156,3.83,140.93%,2.72,2.83,3.06,2.90,87,30,2.90,1,158,2.82,0.10,4,2,0,3,156,23,7.14%,8.07%,5.56%,1,10.00%,22,8,14,2.72,2.67,0.12,10,20.41%,17,16,32.65%,0.63,26,53.06%,0.98,2.73,M,2.99,381,377.5,0.99,2.56,2.83,149.77,2.69,24-Nov-1987,Sagittarius,02-May-2018,11117,30,40.99,18250,49,19,8.01,1,23,2,Y,N,England,London,33.71,171,R,0,Normal,N,4,29,None,NA,Tiger,Y,Beard,Black,1,3.74,0,0,Y,N,N,,Vegan,Black,Yes,Urdu,4,18,2,Middle,Never heard of them,Y,,Y,,,N,49,20,2.45,18,8,2.25,22,6,3.67,28,9,3.11,21,6,3.50,9,2,4.50,1,1,1.00,24,2.40,8,1.60,21,1.91,40,2.50,58,2.64,77,2.75,94,2.76,109,2.73,125,2.78,137,2.69,159,2.84
28,6,Liza Tarbuck,3.23,181,56,57,3.18,3.25,21.62%,22.07%,10,837,83.70,14.95,14.68,820,29,2.90,16.02%,91,25.5,45.54%,3.57,4.00,50.28%,90,30.5,2.95,49.72%,2,5,2.50,1,0.62,3.43,3.30,3.23,-0.33,23,2.30,2,10,20.00%,12.71%,28.73%,52,5.20,-0.93,3,23,6,50,0.60,158,178,3.83,121.31%,3.16,3.23,3.58,3.53,106,30,3.53,0,181,3.23,0.00,5,2,0,3,178,23,8.93%,8.07%,5.56%,2,20.00%,25,10,15,3.16,3.10,0.07,15,30.61%,9,8,16.33%,1.88,23,46.94%,0.98,3.11,F,2.99,381,377.5,0.99,3.54,3.22,172.27,3.09,21-Nov-1964,Scorpio,02-May-2018,19520,53,40.99,18250,49,-4,8.01,5,23,3,RADA,N,England,Liverpool,2.49,172,R,0,Normal,Y,1,29,None,NA,Dragon,Y,N,Blonde,1,3.56,0,0,N,N,N,,Meat,Black,No,,4,18,2,Middle,Heard of them,Y,,,,Y,N,52,20,2.60,29,8,3.63,27,6,4.50,35,9,3.89,18,6,3.00,5,2,2.50,3,1,3.00,34,3.40,17,3.40,36,3.27,58,3.63,78,3.55,103,3.68,123,3.62,140,3.50,157,3.49,171,3.35,181,3.23
29,6,Russell Howard,3.04,170,56,57,2.98,3.05,20.31%,20.73%,10,837,83.70,14.95,14.68,820,30,3.00,17.65%,70,25.5,45.54%,2.75,2.58,41.18%,100,30.5,3.28,58.82%,2,8,4.00,1,-0.53,3.11,3.04,2.98,-0.04,27,2.70,3,10,30.00%,15.88%,33.53%,57,5.70,-0.34,2,20,6,50,0.60,150,173,3.33,111.11%,3.00,3.00,3.14,3.10,93,30,3.10,1,169,3.02,0.10,5,2,0,3,167,23,8.93%,8.07%,5.56%,3,30.00%,24,12,12,3.00,2.94,0.04,12,24.49%,9,8,16.33%,1.50,20,40.82%,0.98,2.92,M,2.99,381,377.5,0.99,2.72,3.02,161.60,2.90,23-Mar-1980,Aries,02-May-2018,13919,38,40.99,18250,49,11,8.01,3,23,4,Y,N,England,Bristol,18.78,172,R,0,Normal,N,3,29,None,Economics,Monkey,N,N,Blonde,0,NA,3,0,N,N,Nom,,Meat,Blue,No,,4,18,2,Oldest,Seen show,Y,,,,,Y,57,20,2.85,22,8,2.75,22,6,3.67,32,9,3.56,17,6,2.83,6,2,3.00,4,1,4.00,36,3.60,18,3.60,32,2.91,48,3.00,72,3.27,93,3.32,105,3.09,126,3.15,143,3.18,158,3.10,170,3.04
30,6,Tim Vine,3.13,175,56,57,3.07,3.14,20.91%,21.34%,10,837,83.70,14.95,14.68,820,38,3.80,21.71%,88,25.5,45.54%,3.45,3.23,50.29%,87,30.5,2.85,49.71%,2,8,4.00,1,0.60,3.30,2.98,2.91,0.68,23,2.30,0,10,0.00%,13.14%,34.86%,61,6.10,-0.83,3,23,6,50,0.60,152,172,3.83,126.10%,3.04,2.85,3.17,3.03,91,30,3.03,1,174,3.11,0.10,3,2,0,2,173,23,5.36%,8.07%,3.70%,2,20.00%,26,11,15,3.04,2.98,0.09,9,18.37%,9,9,18.37%,1.00,18,36.73%,0.98,3.01,M,2.99,381,377.5,0.99,3.42,3.11,162.27,2.91,04-Mar-1967,Pisces,02-May-2018,18687,51,40.99,18250,49,-2,8.01,4,23,5,Y,N,England,London,36.74,188,R,0,Costume,N,2,29,Office,NA,Goat,Y,N,Bald,2,4.67,0,0,Y,Y,Y,,Meat,Beige,No,,2,18,2,Middle,Seen show,N,,,,,N,61,20,3.05,23,8,2.88,21,6,3.50,30,9,3.33,20,6,3.33,8,2,4.00,2,1,2.00,35,3.50,11,2.20,25,2.27,40,2.50,61,2.77,87,3.11,110,3.24,130,3.25,146,3.24,162,3.18,175,3.13
31,7,James Acaster,3.06,165,54,56,2.95,2.98,20.22%,20.25%,10,816,81.60,15.11,14.57,815,23,2.30,13.94%,74,25.5,47.22%,2.90,3.29,44.85%,91,28.5,3.19,55.15%,7,27,3.86,4,-0.29,3.16,3.23,3.09,-0.76,26,2.60,2,9,22.22%,15.76%,29.70%,49,4.90,-0.46,3,12,6,48,0.60,153,172,2.00,62.75%,3.19,3.42,3.41,3.59,104,29,3.59,2,163,3.02,0.20,4,1,1,2,163,24,7.41%,8.57%,3.85%,3,30.00%,20,11,9,3.19,3.06,-0.13,14,29.17%,11,10,20.41%,1.40,24,49.57%,1.00,2.94,M,3.02,385,378.5,0.98,2.85,3.03,160.62,2.94,09-Jan-1985,Capricorn,05-Sep-2018,12292,33,38.14,18376,50,17,11.86,2,21,1,Y,N,England,Northamptonshire,60.81,185,R,0,Boiler suit,N,4,43,Teacher,Music-Teacher,Rat,N,N,Blonde,3,4.18,1,0,Y,N,Nom,,Meat,Green,No,,4,19,2,NA,Met them,Y,,,,,N,51,21,2.43,20,6,3.33,29,8,3.63,30,11,2.73,12,5,2.40,20,6,3.33,5,1,5.00,35,3.50,11,2.20,27,2.45,45,2.81,62,2.95,82,3.04,101,3.06,116,3.05,132,3.07,146,2.98,165,3.06
32,7,Jessica Knappett,3.24,175,54,56,3.13,3.16,21.45%,21.47%,10,816,81.60,15.11,14.57,815,26,2.60,14.86%,83,26.5,49.07%,3.13,3.45,47.43%,92,27.5,3.35,52.57%,7,16,2.29,0,-0.21,3.25,3.39,3.24,-0.64,32,3.20,2,9,22.22%,18.29%,33.14%,58,5.80,-0.04,2,20,6,48,0.60,155,168,3.33,103.23%,3.23,3.39,3.44,3.52,102,29,3.52,2,173,3.20,0.20,4,1,1,3,172,24,7.41%,8.57%,5.77%,1,10.00%,25,11,14,3.23,3.10,0.01,9,18.75%,9,8,16.33%,1.13,17,35.08%,1.00,3.12,F,2.91,385,378.5,0.98,3.08,3.21,166.12,3.04,28-Nov-1984,Sagittarius,05-Sep-2018,12334,33,38.14,18376,50,17,11.86,3,21,2,Y,N,England,Yorkshire,49.91,181,R,1,Boiler suit,N,2,43,Office,Drama/English,Rat,Y,N,Brown,0,NA,0,0,N,Y,N,,Meat,Red,No,,5,19,1,Youngest,Heard of them,Y,Y,,,Y,N,61,21,2.90,19,6,3.17,19,8,2.38,29,11,2.64,17,5,3.40,23,6,3.83,4,1,4.00,33,3.30,14,2.80,37,3.36,52,3.25,68,3.24,93,3.44,109,3.30,127,3.34,146,3.40,164,3.35,175,3.24
33,7,Kerry Godliman,3.26,176,54,56,3.14,3.18,21.57%,21.60%,10,816,81.60,15.11,14.57,815,33,3.30,18.75%,79,26.5,49.07%,2.98,2.79,44.89%,97,27.5,3.53,55.11%,7,20,2.86,1,-0.55,3.18,3.25,3.11,0.04,36,3.60,3,9,33.33%,20.45%,39.20%,69,6.90,0.34,2,20,6,48,0.60,156,169,3.33,102.56%,3.25,3.24,3.15,3.17,92,29,3.17,0,176,3.26,0.00,2,1,1,2,174,24,3.70%,8.57%,3.85%,3,30.00%,23,14,9,3.25,3.12,0.01,11,22.92%,6,6,12.24%,1.83,17,35.16%,1.00,3.14,F,2.91,385,378.5,0.98,2.93,3.23,170.45,3.12,17-Nov-1973,Scorpio,05-Sep-2018,16363,44,38.14,18376,50,6,11.86,4,21,3,N,N,England,London,42.08,160,R,2,Normal,Y,1,43,None,NA,Ox,Y,N,Blonde,0,NA,0,0,N,N,N,,Veggie,Orange,No,,5,19,NA,NA,Seen show,Y,,,,Y,N,71,21,3.38,17,6,2.83,20,8,2.50,32,11,2.91,14,5,2.80,18,6,3.00,3,1,3.00,35,3.50,20,4.00,43,3.91,60,3.75,76,3.62,93,3.44,110,3.33,124,3.26,140,3.26,161,3.29,176,3.26
34,7,Phil Wang,2.46,133,54,56,2.38,2.40,16.30%,16.32%,10,816,81.60,15.11,14.57,815,30,3.00,22.56%,69,25.5,47.22%,2.71,2.52,51.88%,64,28.5,2.25,48.12%,7,13,1.86,1,0.46,2.52,2.34,2.24,0.54,22,2.20,0,9,0.00%,16.54%,39.10%,52,5.20,-0.26,3,11,6,48,0.60,122,141,1.83,72.13%,2.54,2.42,2.38,2.41,70,29,2.41,1,132,2.44,0.10,7,1,1,5,128,24,12.96%,8.57%,9.62%,0,0.00%,19,9,10,2.54,2.44,-0.08,6,12.50%,16,15,30.61%,0.40,21,43.11%,1.00,2.37,M,3.02,385,378.5,0.98,2.66,2.44,129.53,2.37,22-Jan-1990,Aquarius,05-Sep-2018,10453,28,38.14,18376,50,22,11.86,1,21,4,OXBRIDGE,Y,England,Staffordshire,46.76,185,R,0,Costume,N,5,43,None,Engineering,Snake,Y,N,Black,1,4.26,1,0,N,N,Nom,,Meat,Yellow,Yes,Malay/Mandarin,2,19,2,NA,Met them,Y,,,,,N,53,21,2.52,18,6,3.00,15,8,1.88,19,11,1.73,11,5,2.20,17,6,2.83,2,1,2.00,20,2.00,13,2.60,32,2.91,47,2.94,59,2.81,68,2.52,85,2.58,100,2.63,109,2.53,120,2.45,133,2.46
35,7,Rhod Gilbert,3.09,167,54,56,2.98,3.02,20.47%,20.49%,10,816,81.60,15.11,14.57,815,28,2.80,16.77%,80,26.5,49.07%,3.02,3.15,47.90%,87,27.5,3.16,52.10%,7,17,2.43,0,-0.14,3.09,3.16,3.02,-0.29,31,3.10,4,9,44.44%,18.56%,35.33%,59,5.90,0.01,3,11,6,48,0.60,156,175,1.83,56.41%,3.25,3.37,3.18,3.34,97,29,3.34,1,166,3.07,0.10,7,1,1,5,162,24,12.96%,8.57%,9.62%,3,30.00%,22,9,13,3.25,3.12,-0.16,14,29.17%,13,12,24.49%,1.17,26,53.66%,1.00,2.98,M,2.91,385,378.5,0.98,2.97,3.07,162.28,2.97,18-Oct-1968,Libra,05-Sep-2018,18219,49,38.14,18376,50,1,11.86,5,21,5,Y,N,Wales,Carmarthen,13.07,183,R,0,Normal,N,3,43,Marketing,Language,Monkey,N,Stubble beard,Brown,0,NA,1,0,N,N,Nom,,Vegan,Black,No,,3,19,2,Youngest,Seen show,Y,,,,,N,60,21,2.86,23,6,3.83,16,8,2.00,35,11,3.18,19,5,3.80,12,6,2.00,1,1,1.00,34,3.40,19,3.80,41,3.73,50,3.13,67,3.19,85,3.15,103,3.12,124,3.26,144,3.35,153,3.12,167,3.09
36,8,Iain Stirling,2.94,156,53,54,2.89,2.96,20.83%,20.19%,10,749,74.90,14.13,13.87,772.5,31,3.10,19.87%,73,22.5,42.45%,3.24,3.36,46.79%,83,30.5,2.72,53.21%,9,34,3.78,6,0.52,3.23,2.91,2.84,0.16,17,1.70,1,9,11.11%,10.90%,30.77%,48,4.80,-1.24,3,16,7,46,0.70,140,163,2.29,75.10%,3.04,3.03,3.27,3.41,92,27,3.41,0,156,2.94,0.00,9,2,1,6,150,32,16.98%,11.85%,12.00%,3,30.00%,21,10,11,3.04,2.98,-0.10,13,28.26%,11,10,22.22%,1.30,23,50.48%,1.03,2.98,M,3.06,344,332.5,0.97,3.14,2.90,150.67,2.90,27-Jan-1988,Aquarius,08-May-2019,11424,31,38.39,18621,50,19,11.61,1,17,1,Y,N,Scotland,Edinburgh,3.25,188,R,0,Normal,N,2,28,Presenter,Law,Rabbit,Y,Moustache,Blonde,1,3.58,1,0,N,N,N,,Meat,Black,No,,4,16,1,NA,Heard of them,Y,,,,,N,48,20,2.40,35,10,3.50,16,6,2.67,24,7,3.43,18,7,2.57,14,4,3.50,5,1,5.00,32,3.20,20,4.00,33,3.00,50,3.13,60,2.86,81,3.00,91,2.76,101,2.66,119,2.77,138,2.88,156,2.94
37,8,Joe Thomas,2.83,150,53,54,2.78,2.85,20.03%,19.42%,10,749,74.90,14.13,13.87,772.5,28,2.80,18.67%,65,22.5,42.45%,2.89,2.96,43.33%,85,30.5,2.79,56.67%,9,16,1.78,0,0.10,3.07,2.84,2.77,-0.03,18,1.80,2,9,22.22%,12.00%,30.67%,46,4.60,-1.03,2,23,7,46,0.70,127,143,3.29,119.01%,2.76,2.75,3.15,3.19,86,27,3.19,3,147,2.77,0.30,6,2,1,4,146,32,11.32%,11.85%,8.00%,1,10.00%,24,7,17,2.76,2.70,0.07,8,17.39%,15,14,31.11%,0.57,22,48.50%,1.03,2.86,M,3.06,344,332.5,0.97,2.79,2.79,148.50,2.86,28-Oct-1983,Scorpio,08-May-2019,12976,35,38.39,18621,50,15,11.61,3,17,2,OXBRIDGE,Y,England,Essex,15.46,175,R,0,Normal,N,3,28,None,History,Pig,N,N,Blonde,0,NA,0,0,N,N,N,,Meat,Green,No,,3,16,3,Oldest,Heard of them,N,,,,Y,N,46,20,2.30,34,10,3.40,25,6,4.17,15,7,2.14,22,7,3.14,10,4,2.50,3,1,3.00,32,3.20,12,2.40,32,2.91,42,2.63,57,2.71,77,2.85,91,2.76,115,3.03,122,2.84,138,2.88,150,2.83
38,8,Lou Sanders,3.09,164,53,54,3.04,3.11,21.90%,21.23%,10,749,74.90,14.13,13.87,772.5,30,3.00,18.29%,69,22.5,42.45%,3.07,3.12,42.07%,95,30.5,3.11,57.93%,9,25,2.78,0,-0.05,3.12,3.12,3.05,-0.09,30,3.00,4,9,44.44%,18.29%,36.59%,60,6.00,-0.09,3,16,7,46,0.70,148,171,2.29,71.04%,3.22,3.28,3.15,3.26,88,27,3.26,1,163,3.08,0.10,6,2,1,4,160,32,11.32%,11.85%,8.00%,3,30.00%,21,12,9,3.22,3.15,-0.12,11,23.91%,8,7,15.56%,1.57,18,39.47%,1.03,3.13,F,3.06,344,332.5,0.97,2.96,3.05,157.17,3.02,24-Nov-1985,Sagittarius,08-May-2019,12218,33,38.39,18621,50,17,11.61,2,17,3,Y,N,England,Kent,0.86,172.7,R,0,Boiler suit,Y,1,28,Office,Communications and Cultural Studies,Horse,N,N,Brown,1,NA,1,1,N,N,N,,Vegan,Pink,No,,3,16,1,Oldest,Met them,Y,,,,,N,60,20,3.00,27,10,2.70,20,6,3.33,22,7,3.14,21,7,3.00,14,4,3.50,2,1,2.00,42,4.20,20,4.00,41,3.73,60,3.75,75,3.57,95,3.52,107,3.24,120,3.16,132,3.07,152,3.17,164,3.09
39,8,Paul Sinha,2.57,136,53,54,2.52,2.58,18.16%,17.61%,10,749,74.90,14.13,13.87,772.5,33,3.30,24.26%,69,22.5,42.45%,3.07,2.88,50.74%,67,30.5,2.20,49.26%,9,13,1.44,0,0.87,2.65,2.40,2.34,0.73,22,2.20,2,9,22.22%,16.18%,40.44%,55,5.50,-0.37,3,17,7,46,0.70,119,142,2.43,93.88%,2.59,2.39,2.45,2.37,64,27,2.37,1,135,2.55,0.10,5,2,1,3,133,32,9.43%,11.85%,6.00%,1,10.00%,21,10,11,2.59,2.53,-0.02,6,13.04%,15,15,33.33%,0.40,21,46.38%,1.03,2.60,M,3.06,344,332.5,0.97,2.96,2.52,133.83,2.57,28-May-1970,Gemini,08-May-2019,17877,48,38.39,18621,50,2,11.61,5,17,4,Y,N,England,Bedfordshire,52.12,172.7,R,0,Costume,N,5,28,Medicine,Medicine,Dog,N,N,Black,1,4.32,0,0,Y,N,Nom,Y,Meat,Blue,No,,3,16,NA,NA,Met them,N,,,,,N,55,20,2.75,35,10,3.50,15,6,2.50,12,7,1.71,11,7,1.57,10,4,2.50,1,1,1.00,21,2.10,10,2.00,29,2.64,40,2.50,51,2.43,65,2.41,74,2.24,87,2.29,108,2.51,125,2.60,136,2.57
40,8,Sian Gibson,2.70,143,53,54,2.65,2.72,19.09%,18.51%,10,749,74.90,14.13,13.87,772.5,32,3.20,22.38%,68,22.5,42.45%,3.02,2.88,47.55%,75,30.5,2.46,52.45%,9,24,2.67,1,0.56,3.00,2.58,2.52,0.50,14,1.40,1,9,11.11%,9.79%,32.17%,46,4.60,-1.30,2,23,7,46,0.70,120,136,3.29,125.95%,2.61,2.44,2.94,2.93,79,27,2.93,0,143,2.70,0.00,6,2,1,4,139,32,11.32%,11.85%,8.00%,2,20.00%,17,8,9,2.61,2.55,0.09,8,17.39%,9,8,17.78%,1.00,16,35.17%,1.03,2.73,F,3.06,344,332.5,0.97,2.92,2.66,141.83,2.73,30-Jul-1976,Leo,08-May-2019,15622,42,38.39,18621,50,8,11.61,4,17,5,Y,N,Wales,Flintshire,16.58,154,R,1,Boiler suit,N,4,28,None,NA,Dragon,N,N,Red,0,NA,0,0,N,N,N,,Meat,Black,No,,3,16,NA,NA,Never heard of them,Y,,Y,Y,,N,46,20,2.30,29,10,2.90,14,6,2.33,19,7,2.71,21,7,3.00,12,4,3.00,4,1,4.00,32,3.20,16,3.20,32,2.91,48,3.00,63,3.00,80,2.96,95,2.88,106,2.79,114,2.65,130,2.71,143,2.70
41,9,David Baddiel,2.56,128,50,51,2.51,2.58,16.71%,17.53%,10,766,76.60,15.32,15.02,730,36,3.60,28.13%,84,27.5,55.00%,3.05,2.74,65.63%,44,22.5,1.96,34.38%,6,9,1.50,0,1.10,2.65,2.30,2.24,1.04,22,2.20,1,9,11.11%,17.19%,45.31%,58,5.80,-0.36,2,18,6,44,0.60,110,131,3.00,120.00%,2.50,2.18,2.33,2.20,55,25,2.20,0,128,2.56,0.00,4,2,0,3,125,22,8.00%,8.63%,6.25%,1,10.00%,19,10,9,2.50,2.44,0.06,7,15.91%,15,14,32.56%,0.50,21,48.47%,0.95,2.39,M,3.27,450,402.5,0.89,2.73,2.38,120.30,2.42,28-May-1964,Gemini,04-Sep-2019,20187,55,43.58,18740,51,-4,7.42,4,35,1,OXBRIDGE,Y,USA,New York,12.18,172,R,2,Normal,N,5,39,None,English,Dragon,N,Beard,Grey,14,4.32,8,0,Y,N,N,,Meat,Grey,No,,4,17,2,Middle,Seen show,N,,,,,N,58,20,2.90,17,9,1.89,17,7,2.43,15,6,2.50,16,6,2.67,8,4,2.00,3,1,3.00,22,2.20,14,2.80,24,2.40,41,2.73,53,2.65,65,2.60,75,2.50,89,2.54,99,2.48,118,2.62,128,2.56
42,9,Ed Gamble,3.34,167,50,51,3.27,3.36,21.80%,22.88%,10,766,76.60,15.32,15.02,730,32,3.20,19.16%,87,27.5,55.00%,3.16,3.14,52.10%,80,22.5,3.56,47.90%,6,25,4.17,4,-0.39,3.58,3.38,3.29,-0.14,24,2.40,2,9,22.22%,14.37%,33.53%,56,5.60,-0.94,3,19,6,44,0.60,148,168,3.17,94.14%,3.36,3.41,3.70,3.80,95,25,3.80,0,167,3.34,0.00,2,2,0,0,167,22,4.00%,8.63%,0.00%,4,40.00%,20,12,8,3.36,3.29,-0.02,14,31.82%,6,4,9.30%,3.50,18,41.12%,0.95,3.12,M,3.27,450,402.5,0.89,2.83,3.16,157.13,3.16,10-Mar-1986,Pisces,04-Sep-2019,12231,33,43.58,18740,51,18,7.42,2,35,2,Y,N,England,London,38.59,185,R,0,Costume,Y,1,39,None,Philosophy,Tiger,Y,N,Brown,0,NA,1,1,N,N,N,,Meat,Blue,No,,3,17,1,Oldest?,Met them,Y,,,,,Y,56,20,2.80,29,9,3.22,23,7,3.29,26,6,4.33,21,6,3.50,14,4,3.50,5,1,5.00,40,4.00,16,3.20,35,3.50,52,3.47,68,3.40,82,3.28,101,3.37,118,3.37,138,3.45,155,3.44,167,3.34
43,9,Jo Brand,3.08,154,50,51,2.86,2.94,20.10%,20.00%,10,766,76.60,15.32,15.02,730,32,3.20,20.78%,93,27.5,55.00%,3.38,3.49,60.39%,61,22.5,2.71,39.61%,6,12,2.00,1,0.67,2.95,3.05,2.78,0.12,36,3.60,3,9,33.33%,23.38%,44.16%,68,6.80,0.52,2,20,6,44,0.60,134,153,3.33,109.45%,3.05,3.00,2.87,2.84,71,25,2.84,1,153,3.06,0.10,6,2,0,4,150,22,12.00%,8.63%,8.33%,1,10.00%,22,10,12,3.05,2.98,0.03,8,18.18%,13,11,25.58%,0.73,19,43.76%,0.95,2.73,F,3.27,450,402.5,0.89,3.02,2.88,137.13,2.76,23-Jul-1957,Leo,04-Sep-2019,22688,62,43.58,18740,51,-11,7.42,5,35,3,Y,N,England,London,37.57,162,R,2,Normal,N,4,39,Medicine,Social Science,Rooster,N,N,Red,6,3.7,1,0,N,Y,Nom,,Meat,Black,No,,2,17,2,Middle,Seen show,N,,,,,Y,68,20,3.40,25,9,2.78,18,7,2.57,14,6,2.33,21,6,3.50,7,4,1.75,3,1,3.00,30,3.00,12,2.40,27,2.70,42,2.80,58,2.90,77,3.08,93,3.10,115,3.29,130,3.25,144,3.20,154,3.08
44,9,Katy Wix,3.16,158,50,51,3.10,3.18,20.63%,21.64%,10,766,76.60,15.32,15.02,730,34,3.40,21.52%,96,27.5,55.00%,3.49,3.54,60.76%,62,22.5,2.76,39.24%,6,10,1.67,1,0.74,3.18,3.10,3.02,0.24,31,3.10,3,9,33.33%,19.62%,41.14%,65,6.50,-0.06,3,21,6,44,0.60,137,155,3.50,112.41%,3.11,3.03,3.10,3.08,76,25,3.04,1,157,3.14,0.10,6,2,0,4,154,22,12.00%,8.63%,8.33%,2,20.00%,24,9,15,3.11,3.04,0.05,11,25.00%,10,8,18.60%,1.38,19,43.60%,0.95,2.95,F,3.27,450,402.5,0.89,3.12,2.96,147.63,2.97,28-Feb-1980,Pisces,04-Sep-2019,14433,39,43.58,18740,51,12,7.42,3,35,4,Y,N,Wales,Glamorgan,14.25,172,R,0,Costume,N,3,39,None,NA,Monkey,N,N,Brown,2,4.19,2,0,N,Y,N,,Meat,Yellow,No,,3,17,1,Youngest,Seen show,N,Y,,Y,Y,N,65,20,3.25,28,9,3.11,24,7,3.43,11,6,1.83,19,6,3.17,14,4,3.50,5,1,5.00,30,3.00,12,2.40,30,3.00,53,3.53,64,3.20,80,3.20,93,3.10,117,3.34,131,3.28,148,3.29,157,3.14
45,9,Rose Matafeo,3.18,159,50,51,3.12,3.20,20.76%,21.78%,10,766,76.60,15.32,15.02,730,24,2.40,15.09%,90,27.5,55.00%,3.27,3.77,56.60%,69,22.5,3.07,43.40%,6,14,2.33,2,0.21,3.13,3.38,3.29,-0.78,34,3.40,3,9,33.33%,21.38%,36.48%,58,5.80,0.22,3,21,6,44,0.60,138,156,3.50,111.59%,3.14,3.35,3.37,3.40,86,25,3.44,1,158,3.16,0.10,4,2,0,3,156,22,8.00%,8.63%,6.25%,2,20.00%,20,11,9,3.14,3.07,0.04,11,25.00%,7,6,13.95%,1.83,17,38.95%,0.95,2.97,F,3.27,450,402.5,0.89,2.93,2.99,150.80,3.04,25-Feb-1992,Pisces,04-Sep-2019,10053,27,43.58,18740,51,24,7.42,1,35,5,N,N,New Zealand,Auckland,8.08,178,R,0,Suit,N,2,39,None,NA,Monkey,N,N,Brown,0,NA,0,0,N,N,Y,,Meat,Brown,No,,5,17,2,Youngest,Seen show,N,,,,,N,58,20,2.90,37,9,4.11,22,7,3.14,14,6,2.33,22,6,3.67,8,4,2.00,5,1,5.00,38,3.80,17,3.40,32,3.20,52,3.47,70,3.50,88,3.52,102,3.40,113,3.23,131,3.28,148,3.29,160,3.20
46,10,Daisy May Cooper,3.10,158,51,51,3.10,3.14,21.70%,21.42%,10,728,72.80,14.27,14.27,737.5,25,2.50,15.82%,54,20,39.22%,2.70,2.90,34.18%,104,31,3.35,65.82%,11,24,2.18,3,-0.65,2.98,3.24,3.24,-0.60,36,3.60,2,7,28.57%,22.78%,38.61%,61,6.10,0.50,2,24,7,44,0.70,134,NA,3.00,98.51%,3.05,3.21,3.13,3.07,83,27,3.07,3,155,3.04,0.30,6,1,0,6,152,36,11.76%,14.12%,12.00%,2,20.00%,24,7,17,3.05,3.05,0.05,14,31.82%,9,9,20.93%,1.56,23,52.75%,1.01,3.14,F,3.07,307,297.5,0.97,2.62,3.07,148.40,2.95,01-Aug-1986,Leo,15-Oct-2020,12494,34,41.67,19147,52,18,10.33,2,25,1,N,N,England,Cirencester,50.93,175,R,2,Costume,N,2,44,Cleaner,Drama,Tiger,N,N,Blonde,1,4.14,1,0,Masked Singer,Y,N,,Meat,Gold,No,,5,22,1,Oldest,Heard of them,Y,,,,,N,61,20,3.05,16,5,3.20,22,6,3.67,17,7,2.43,25,8,3.13,8,4,2.00,4,1,4.00,34,3.40,11,2.20,29,2.90,48,3.20,67,3.35,91,3.50,105,3.39,116,3.22,123,3.00,143,3.11,158,3.10
47,10,Johnny Vegas,2.73,139,51,51,2.73,2.76,19.09%,18.85%,10,728,72.80,14.27,14.27,737.5,26,2.60,18.71%,64,20,39.22%,3.20,3.80,46.04%,75,31,2.42,53.96%,11,18,1.64,0,0.78,2.71,2.76,2.76,-0.13,28,2.80,1,7,14.29%,20.14%,38.85%,54,5.40,0.07,3,20,7,44,0.70,119,NA,2.50,92.44%,2.70,2.74,2.74,2.70,73,27,2.70,0,139,2.73,0.00,8,1,0,8,131,36,15.69%,14.12%,16.00%,1,10.00%,19,9,10,2.70,2.70,0.02,6,13.64%,12,12,27.91%,0.50,18,41.54%,1.01,2.76,M,3.07,307,297.5,0.97,3.10,2.69,132.90,2.64,05-Sep-1970,Virgo,15-Oct-2020,18303,50,41.67,19147,52,2,10.33,4,25,2,Y,N,England,Lancashire,12.94,170,R,2,Suit,N,4,44,Temp,Art and Ceramics,Dog,N,Stubble beard,Brown,1,3.92,0,0,N,Y,Nom,,Meat,Grey,No,,4,22,3,Youngest,Seen show,N,,,,,N,54,20,2.70,13,5,2.60,13,6,2.17,17,7,2.43,24,8,3.00,10,4,2.50,4,1,4.00,29,2.90,10,2.00,25,2.50,42,2.80,59,2.95,74,2.85,93,3.00,109,3.03,121,2.95,130,2.83,139,2.73
48,10,Katherine Parkinson,2.31,118,51,51,2.31,2.34,16.21%,16.00%,10,728,72.80,14.27,14.27,737.5,30,3.00,25.42%,55,20,39.22%,2.75,2.50,46.61%,63,31,2.03,53.39%,11,22,2.00,3,0.72,2.34,2.15,2.15,0.69,22,2.20,0,7,0.00%,18.64%,44.07%,52,5.20,-0.11,3,19,7,44,0.70,99,NA,2.38,105.56%,2.25,2.03,2.13,1.96,53,27,1.96,0,118,2.31,0.00,9,1,0,8,110,36,17.65%,14.12%,16.00%,1,10.00%,20,6,14,2.25,2.25,0.06,5,11.36%,18,17,39.53%,0.29,22,50.90%,1.01,2.34,F,3.07,307,297.5,0.97,2.66,2.28,111.90,2.22,09-Mar-1978,Pisces,15-Oct-2020,15561,42,41.67,19147,52,10,10.33,3,25,3,OXBRIDGE,N,England,London,43.8,168,R,2,Boiler suit,N,5,44,None,Classics,Horse,Y,N,Red,0,NA,2,0,N,N,N,,Meat,Brown,Yes,Italian,5,22,1,NA,Seen show,N,,Y,,Y,N,52,20,2.60,13,5,2.60,11,6,1.83,16,7,2.29,12,8,1.50,6,4,1.50,5,1,5.00,24,2.40,6,1.20,25,2.50,32,2.13,47,2.35,67,2.58,77,2.48,90,2.50,102,2.49,108,2.35,118,2.31
49,10,Mawaan Rizwan,2.96,151,51,51,2.96,3.00,20.74%,20.47%,10,728,72.80,14.27,14.27,737.5,39,3.90,25.83%,69,20,39.22%,3.45,3.00,45.70%,82,31,2.65,54.30%,11,25,2.27,2,0.80,2.95,2.73,2.73,0.94,30,3.00,0,7,0.00%,19.87%,45.70%,69,6.90,0.04,3,21,7,44,0.70,130,NA,2.63,88.85%,2.95,2.68,2.65,2.56,69,27,2.56,0,151,2.96,0.00,8,1,0,7,144,36,15.69%,14.12%,14.00%,1,10.00%,22,8,14,2.95,2.95,0.01,11,25.00%,8,7,16.28%,1.57,18,41.28%,1.01,3.00,M,3.07,307,297.5,0.97,3.34,2.92,144.90,2.88,18-Aug-1992,Leo,15-Oct-2020,10285,28,41.67,19147,52,24,10.33,1,25,4,N,N,Pakistan,Lahore,752.48,175.26,R,0,Costume,N,3,44,None,NA,Monkey,N,Beard,Black,0,NA,0,1,Y,Y,N,Y,Meat,Orange,Yes,Urdu/Punjabi,4,22,1,Oldest,Heard of them,Y,,,,Y,N,69,20,3.45,16,5,3.20,19,6,3.17,15,7,2.14,15,8,1.88,7,4,1.75,5,1,5.00,29,2.90,8,1.60,24,2.40,38,2.53,51,2.55,68,2.62,90,2.90,106,2.94,116,2.83,134,2.91,151,2.96
50,10,Richard Herring,3.18,162,51,51,3.18,3.22,22.25%,21.97%,10,728,72.80,14.27,14.27,737.5,32,3.20,19.75%,65,20,39.22%,3.25,3.30,40.12%,97,31,3.13,59.88%,11,34,3.09,2,0.12,3.00,3.17,3.17,0.02,39,3.90,4,7,57.14%,24.07%,43.83%,71,7.10,0.72,2,26,7,44,0.70,136,NA,3.25,105.15%,3.09,3.06,2.94,2.85,77,27,2.85,2,160,3.14,0.20,5,1,0,4,158,36,9.80%,14.12%,8.00%,5,50.00%,26,9,17,3.09,3.09,0.09,10,22.73%,7,6,13.95%,1.67,16,36.68%,1.01,3.22,M,3.07,307,297.5,0.97,3.15,3.14,151.90,3.02,12-Jul-1967,Cancer,15-Oct-2020,19454,53,41.67,19147,52,-1,10.33,5,25,5,OXBRIDGE,N,England,Yorkshire,22.49,169,R,2,Normal,Y,1,44,None,History,Goat,N,Moustache,Grey,8,4.28,0,0,N,N,N,,Meat,Black,No,,4,22,2,Youngest,Met them,N,,,,Y,Y,71,20,3.55,15,5,3.00,21,6,3.50,16,7,2.29,21,8,2.63,10,4,2.50,4,1,4.00,38,3.80,12,2.40,31,3.10,46,3.07,59,2.95,85,3.27,97,3.13,106,2.94,124,3.02,145,3.15,162,3.18
51,11,Charlotte Ritchie,2.50,125,50,50,2.50,2.50,17.24%,17.12%,10,725,72.50,14.50,14.50,730,29,2.90,23.20%,64,23,46.00%,2.78,2.69,51.20%,61,27,2.26,48.80%,11,24,2.18,2,0.52,2.58,2.40,2.40,0.40,22,2.20,1,8,,17.60%,40.80%,51,5.10,-0.30,3,19,8,42,0.80,106,136,2.38,94.10%,2.52,2.41,2.47,2.58,62,24,2.58,0,125,2.50,0.00,6,0,0,6,119,24,12.00%,9.60%,12.00%,2,20.00%,20,5,15,2.52,2.52,-0.02,6,14.29%,13,13,30.95%,0.46,19,45.24%,1.01,2.52,F,3.10,356,340,0.96,2.66,2.44,122.08,2.44,23-Aug-1989,Virgo,18-Mar-2021,11530,31,40.02,19301,52,21,11.98,2,23,1,Y,N,England,London,33.42,167.6,R,0,Boiler suit,N,5,33,None,Drama/English,Snake,Y,N,Brown,0,NA,1,0,N,N,N,,Meat,Blue,No,,4,19,2,Youngest,Seen show,Y,Y,,Y,Y,N,51,20,2.55,15,7,2.14,10,3,3.33,16,9,1.78,26,9,2.89,7,2,3.50,,,,23,2.30,5,1.00,17,1.70,28,1.87,41,2.05,58,2.32,69,2.30,78,2.23,89,2.23,109,2.42,125,2.50
52,11,Jamali Maddix,2.74,137,50,50,2.74,2.74,18.90%,18.77%,10,725,72.50,14.50,14.50,730,31,3.10,22.63%,67,23,46.00%,2.91,2.77,48.91%,70,27,2.59,51.09%,11,25,2.27,3,0.32,2.83,2.65,2.65,0.36,24,2.40,1,8,,17.52%,40.15%,55,5.50,-0.34,3,19,8,42,0.80,118,148,2.38,84.53%,2.81,2.72,2.73,2.92,70,24,2.92,0,137,2.74,0.00,4,0,0,4,133,24,8.00%,9.60%,8.00%,1,10.00%,21,7,14,2.81,2.81,-0.07,9,21.43%,11,11,26.19%,0.82,20,47.62%,1.01,2.76,M,3.10,356,340,0.96,2.78,2.68,133.42,2.67,08-Apr-1991,Taurus,18-Mar-2021,10937,29,40.02,19301,52,23,11.98,1,23,2,Y,N,England,Essex,7.5,185,L,0,Normal,N,4,33,None,Theatre,Goat,Y,Beard,Black,0,NA,2,2,N,Y,N,,Meat,Black,No,,5,19,NA,NA,Never heard of them,Y,,,,,N,55,20,2.75,25,7,3.57,4,3,1.33,21,9,2.33,27,9,3.00,5,2,2.50,,,,29,2.90,7,1.40,20,2.00,31,2.07,52,2.60,67,2.68,84,2.80,96,2.74,112,2.80,125,2.78,137,2.74
53,11,Lee Mack,3.02,151,50,50,3.02,3.02,20.83%,20.68%,10,725,72.50,14.50,14.50,730,31,3.10,20.53%,73,23,46.00%,3.17,3.23,48.34%,78,27,2.89,51.66%,11,30,2.73,3,0.29,2.95,3.00,3.00,0.08,33,3.30,4,8,,21.85%,42.38%,64,6.40,0.28,2,30,8,42,0.80,121,140,3.75,130.17%,2.88,2.81,2.90,2.67,64,24,2.67,0,151,3.02,0.00,6,0,0,6,145,24,12.00%,9.60%,12.00%,3,30.00%,22,7,15,2.88,2.88,0.14,11,26.19%,13,13,30.95%,0.85,24,57.14%,1.01,3.04,M,3.10,356,340,0.96,3.03,2.95,145.83,2.92,04-Aug-1968,Leo,18-Mar-2021,19219,52,40.02,19301,52,0,11.98,5,23,3,Y,N,England,Merseyside,1.15,183,R,3,Costume,N,3,33,Tour Guide,Drama,Monkey,N,Beard,Brown,1,3.73,1,0,N,Y,Nom,,Vegan,White,No,,2,19,1,Youngest,Seen show,Y,,Y,,Y,Y,64,20,3.20,21,7,3.00,9,3,3.00,27,9,3.00,25,9,2.78,5,2,2.50,,,,33,3.30,17,3.40,33,3.30,51,3.40,58,2.90,70,2.80,83,2.77,105,3.00,123,3.08,132,2.93,151,3.02
54,11,Mike Wozniak,3.08,154,50,50,3.08,3.08,21.24%,21.10%,10,725,72.50,14.50,14.50,730,35,3.50,22.73%,78,23,46.00%,3.39,3.31,50.65%,76,27,2.81,49.35%,11,25,2.27,1,0.58,3.13,2.98,2.98,0.42,29,2.90,1,8,,18.83%,41.56%,64,6.40,-0.18,2,30,8,42,0.80,124,143,3.75,127.02%,2.95,2.78,3.00,2.79,66,24,2.75,1,153,3.06,0.10,6,0,0,6,148,24,12.00%,9.60%,12.00%,1,10.00%,21,6,15,2.95,2.95,0.13,8,19.05%,9,9,21.43%,0.89,17,40.48%,1.01,3.10,M,3.10,356,340,0.96,3.24,3.01,149.08,2.98,08-Nov-1979,Scorpio,18-Mar-2021,15106,41,40.02,19301,52,11,11.98,3,23,4,Y,N,England,Oxford,67.57,185,R,2,Suit,N,2,33,Medicine,Medicine,Goat,Y,Moustache,Brown,0,NA,0,0,N,N,Nom,,Meat,Black,No,,4,19,1,Twin,Seen show,Y,,,,,N,64,20,3.20,20,7,2.86,6,3,2.00,35,9,3.89,23,9,2.56,5,2,2.50,,,,37,3.70,16,3.20,37,3.70,50,3.33,56,2.80,70,2.80,87,2.90,101,2.89,118,2.95,136,3.02,153,3.06
55,11,Sarah Kendall,3.16,158,50,50,3.16,3.16,21.79%,21.64%,10,725,72.50,14.50,14.50,730,30,3.00,18.99%,74,23,46.00%,3.22,3.38,46.84%,84,27,3.11,53.16%,11,41,3.73,4,0.11,3.10,3.20,3.20,-0.16,34,3.40,1,8,,21.52%,40.51%,64,6.40,0.24,3,19,8,42,0.80,139,169,2.38,71.76%,3.31,3.41,3.13,3.42,83,24,3.46,0,158,3.16,0.00,2,0,0,2,156,24,4.00%,9.60%,4.00%,3,30.00%,23,12,11,3.31,3.31,-0.15,7,16.67%,5,5,11.90%,1.40,12,28.57%,1.01,3.18,F,3.10,356,340,0.96,3.07,3.09,154.58,3.09,03-Aug-1976,Leo,18-Mar-2021,16298,44,40.02,19301,52,8,11.98,4,23,5,Y,N,Australia,Newcastle,1.43,172.5,R,2,Boiler suit,Y,1,33,None,NA,Dragon,Y,N,Red,0,NA,0,0,N,N,Nom,Y,Meat,Blue,No,,4,19,1,Oldest?,Seen show,N,,,,,N,64,20,3.20,25,7,3.57,8,3,2.67,22,9,2.44,32,9,3.56,8,2,4.00,,,,34,3.40,19,3.80,36,3.60,56,3.73,79,3.95,91,3.64,107,3.57,119,3.40,131,3.28,147,3.27,159,3.18
56,12,Alan Davies,3.22,161,50,51,3.16,3.16,20.69%,21.54%,10,778,77.80,15.56,15.25,747.5,38,3.80,23.60%,77,20.5,41.00%,3.76,3.71,47.83%,84,29.5,2.85,52.17%,13,36,2.77,2,0.37,3.40,3.08,3.00,0.58,25,2.50,1,8,,15.53%,39.13%,63,6.30,-0.72,2,20,7,43,0.70,141,166,2.86,87.13%,3.28,3.12,3.27,3.20,80,25,3.20,1,160,3.20,0.10,2,0,1,2,159,15,4.00%,5.88%,4.08%,2,20.00%,21,11,10,3.28,3.20,-0.06,7,15.91%,7,7,15.91%,1.00,14,31.82%,0.96,3.03,M,3.40,348,302.5,0.87,2.80,2.83,148.13,2.94,06-Mar-1966,Pisces,23-Sep-2021,20290,55,44.47,19490,53,-2,8.53,5,20,1,Y,N,England,Essex,26.41,180,R,3,Normal,N,3,47,None,Theatre,Horse,Y,N,Grey,4,4.38,0,0,N,N,Nom,,Pescetarian,Black,No,,4,23,2,Middle,Met them,N,,,,,N,63,20,3.15,12,5,2.40,23,6,3.83,27,9,3.00,18,7,2.57,12,3,4.00,6,2,3.00,32,3.20,15,3.00,31,3.10,45,3.00,66,3.30,80,3.20,94,3.13,110,3.14,131,3.28,142,3.16,161,3.22
57,12,Desiree Burch,3.22,161,50,51,3.16,3.16,20.69%,21.54%,10,778,77.80,15.56,15.25,747.5,39,3.90,24.22%,75,20.5,41.00%,3.66,3.43,46.58%,86,29.5,2.92,53.42%,13,46,3.54,3,0.74,3.28,3.05,2.98,0.68,30,3.00,2,8,,18.63%,42.86%,69,6.90,-0.22,3,25,7,43,0.70,136,156,3.57,112.92%,3.16,2.94,3.07,3.04,76,25,3.04,0,161,3.22,0.00,3,0,1,3,158,15,6.00%,5.88%,6.12%,2,20.00%,21,8,13,3.16,3.09,0.06,12,27.27%,8,8,18.18%,1.50,20,45.45%,0.96,3.03,F,3.40,348,302.5,0.87,3.18,3.02,148.63,2.95,26-Jan-1979,Aquarius,23-Sep-2021,15581,42,44.47,19490,53,11,8.53,3,20,2,YALE,N,USA,California,13.92,170,R,0,Normal,N,3,47,None,Theatre,Horse,Y,N,Black,0,NA,2,0,N,N,N,Y,Meat,Purple,No,,3,23,NA,NA,Met them,Y,,,,,N,69,20,3.45,15,5,3.00,19,6,3.17,27,9,3.00,19,7,2.71,6,3,2.00,6,2,3.00,36,3.60,16,3.20,32,3.20,53,3.53,68,3.40,76,3.04,93,3.10,110,3.14,119,2.98,140,3.11,161,3.22
58,12,Guz Khan,3.34,167,50,51,3.18,3.27,21.47%,22.34%,10,778,77.80,15.56,15.25,747.5,32,3.20,19.16%,77,20.5,41.00%,3.22,4.29,46.11%,90,29.5,3.05,53.89%,13,35,2.69,1,0.17,3.13,3.38,3.17,-0.14,42,4.20,4,8,50.00%,25.15%,44.31%,74,7.40,0.86,3,25,7,43,0.70,142,162,3.57,108.15%,3.30,3.33,3.10,3.08,77,25,3.08,5,162,3.24,0.50,4,0,1,4,163,15,8.00%,5.88%,8.16%,4,40.00%,22,8,14,3.30,3.23,0.04,11,25.00%,8,8,18.18%,1.38,19,43.18%,0.96,3.05,M,3.40,348,302.5,0.87,2.80,2.95,149.80,2.98,24-Jan-1986,Aquarius,23-Sep-2021,13026,35,44.47,19490,53,18,8.53,1,20,3,Y,N,England,Coventry,90.94,180.3,R,4,Normal,N,2,47,Teacher,Humanities,Ox,N,Beard,Black,0,NA,0,1,N,Y,N,,Meat,Black,Yes,Urdu/Punjabi,2,23,2,Youngest,Heard of them,Y,,,,,N,74,20,3.70,14,5,2.80,16,6,2.67,28,9,3.11,18,7,2.57,13,3,4.33,4,2,2.00,36,3.60,14,2.80,34,3.40,48,3.20,62,3.10,83,3.32,102,3.40,110,3.14,131,3.28,145,3.22,167,3.34
59,12,Morgana Robinson,3.36,168,50,51,3.29,3.29,21.59%,22.47%,10,778,77.80,15.56,15.25,747.5,21,2.10,12.50%,66,20.5,41.00%,3.22,4.29,39.29%,102,29.5,3.46,60.71%,13,44,3.38,4,-0.24,3.28,3.68,3.59,-1.26,37,3.70,4,8,50.00%,22.02%,34.52%,58,5.80,0.34,3,27,7,43,0.70,141,163,3.86,117.63%,3.28,3.64,3.67,3.68,92,25,3.68,9,159,3.18,0.90,2,0,1,2,166,15,4.00%,5.88%,4.08%,1,10.00%,19,13,6,3.28,3.20,0.08,11,25.00%,5,5,11.36%,2.20,16,36.36%,0.96,3.16,F,3.40,348,302.5,0.87,2.80,3.19,155.30,3.09,07-May-1982,Taurus,23-Sep-2021,14384,39,44.47,19490,53,14,8.53,2,20,4,N,N,Australia,Victoria,104.05,175,R,0,Boiler suit,Y,1,47,None,NA,Dog,N,N,Blonde,0,NA,3,0,N,N,N,,Vegan,Dark blue,No,,6,23,4,Youngest,Met them,Y,,Y,,,N,58,20,2.90,15,5,3.00,21,6,3.50,31,9,3.44,22,7,3.14,11,3,3.67,10,2,5.00,33,3.30,17,3.40,34,3.40,52,3.47,65,3.25,82,3.28,99,3.30,113,3.23,132,3.30,150,3.33,168,3.36
60,12,Victoria Coren Mitchell,2.42,121,50,51,2.37,2.37,15.55%,16.19%,10,778,77.80,15.56,15.25,747.5,21,2.10,17.36%,53,20.5,41.00%,2.59,3.05,43.80%,68,29.5,2.31,56.20%,13,31,2.38,2,0.28,2.48,2.50,2.44,-0.32,22,2.20,1,8,,18.18%,35.54%,43,4.30,-0.22,2,20,7,43,0.70,101,126,2.86,121.64%,2.35,2.42,2.60,2.40,60,25,2.40,0,121,2.42,0.00,4,0,1,3,118,15,8.00%,5.88%,6.12%,1,10.00%,18,8,10,2.35,2.30,0.07,6,13.64%,13,13,29.55%,0.46,19,43.18%,0.96,2.28,F,3.40,348,302.5,0.87,2.25,2.28,109.13,2.17,18-Aug-1972,Leo,23-Sep-2021,17933,49,44.47,19490,53,4,8.53,4,20,5,OXBRIDGE,N,England,London,38.59,160,R,1,Normal,N,5,47,Media,English,Rat,N,N,Blonde,5,4.03,1,0,N,N,N,,Meat,Red,No,,8,23,1,Youngest,Seen show,Y,,,,,N,43,20,2.15,14,5,2.80,11,6,1.83,24,9,2.67,12,7,1.71,9,3,3.00,8,2,4.00,18,1.80,12,2.40,25,2.50,38,2.53,54,2.70,64,2.56,73,2.43,91,2.60,100,2.50,108,2.40,121,2.42
61,13,Ardal O'Hanlon,3.06,153,50,51,3.00,3.04,19.25%,20.68%,10,795,79.50,15.90,15.59,740,38,3.80,24.84%,74,21.5,43.00%,3.44,3.13,48.37%,79,28.5,2.77,51.63%,8,18,2.25,1,0.67,3.13,2.88,2.80,0.74,28,2.80,1,8,,18.30%,43.14%,66,6.60,-0.26,2,22,6,44,0.60,131,157,3.67,123.16%,2.98,2.74,2.90,2.77,72,26,2.77,1,152,3.04,0.10,3,1,0,2,151,19,6.00%,7.45%,4.08%,2,20.00%,21,10,11,2.98,2.91,0.08,9,20.00%,11,10,22.73%,0.90,19,42.73%,0.93,2.79,M,3.38,363,317.5,0.87,3.01,2.87,140.65,2.79,08-Oct-1965,Libra,14-Apr-2022,20642,56,42.8,19693,53,-3,10.2,5,24,1,Y,N,Ireland,Carrickmacross,12.92,175,R,3,Normal,N,4,31,None,Communications,Snake,N,N,Red,2,3.6,,,N,N,N,,Meat,Black,No,,5,19,5,Third Oldest,Seen show,Y,,,Y,Y,N,66,20,3.30,32,9,3.56,8,5,1.60,11,6,1.83,23,7,3.29,13,4,3.25,5,1,5.00,29,2.90,10,2.00,25,2.50,36,2.40,53,2.65,74,2.96,86,2.87,106,3.03,124,3.10,138,3.07,153,3.06
62,13,Bridget Christie,3.14,157,50,51,3.08,3.12,19.75%,21.22%,10,795,79.50,15.90,15.59,740,36,3.60,22.93%,80,21.5,43.00%,3.72,3.83,50.96%,77,28.5,2.70,49.04%,8,26,3.25,3,1.02,3.10,3.03,2.95,0.46,33,3.30,4,8,,21.02%,43.95%,69,6.90,0.16,3,26,6,44,0.60,131,153,4.33,145.55%,2.98,2.79,2.93,2.73,71,26,2.73,1,156,3.12,0.10,6,1,0,5,152,19,12.00%,7.45%,10.20%,2,20.00%,25,7,18,2.98,2.91,0.16,14,31.11%,16,15,34.09%,0.93,29,65.20%,0.93,2.87,F,3.38,363,317.5,0.87,3.25,2.94,142.98,2.84,17-Aug-1971,Leo,14-Apr-2022,18503,50,42.8,19693,53,3,10.2,4,24,2,N,N,England,Gloucester,46.43,169,R,2,Costume,N,3,31,None,Drama,Pig,Y,N,Brown,1,3.75,,,N,Y,Y,,Meat,Black,No,,4,19,8,Youngest,Seen show,Y,Y,,,,N,69,20,3.45,30,9,3.33,15,5,3.00,20,6,3.33,7,7,1.00,19,4,4.75,1,1,1.00,30,3.00,16,3.20,32,3.20,57,3.80,73,3.65,84,3.36,93,3.10,112,3.20,132,3.30,139,3.09,157,3.14
63,13,Chris Ramsey,3.40,170,50,51,3.33,3.38,21.38%,22.97%,10,795,79.50,15.90,15.59,740,27,2.70,15.88%,72,21.5,43.00%,3.35,3.91,42.35%,98,28.5,3.44,57.65%,8,26,3.25,2,-0.09,3.55,3.58,3.49,-0.70,28,2.80,2,8,,16.47%,32.35%,55,5.50,-0.60,2,22,6,44,0.60,148,174,3.67,109.01%,3.36,3.56,3.83,3.85,100,26,3.85,0,170,3.40,0.00,2,1,0,1,169,19,4.00%,7.45%,2.04%,3,30.00%,23,11,12,3.36,3.29,0.04,12,26.67%,9,8,18.18%,1.50,20,44.85%,0.93,3.10,M,3.38,363,317.5,0.87,2.93,3.22,155.57,3.09,03-Aug-1986,Leo,14-Apr-2022,13038,35,42.8,19693,53,18,10.2,2,24,3,Y,N,England,South Shields,0.93,178,R,2,Normal,N,2,31,None,NA,Tiger,Y,Stubble beard,Brown,1,4.21,,,N,N,Nom,,Meat,Blue,No,,3,19,NA,NA,Heard of them,Y,,,,,N,55,20,2.75,29,9,3.22,22,5,4.40,22,6,3.67,29,7,4.14,10,4,2.50,4,1,4.00,38,3.80,23,4.60,41,4.10,54,3.60,71,3.55,82,3.28,97,3.23,116,3.31,130,3.25,149,3.31,170,3.40
64,13,Judi Love,2.84,142,50,51,2.78,2.82,17.86%,19.19%,10,795,79.50,15.90,15.59,740,26,2.60,18.31%,63,21.5,43.00%,2.93,3.22,44.37%,79,28.5,2.77,55.63%,8,24,3.00,2,0.16,2.98,2.90,2.83,-0.24,23,2.30,0,8,,16.20%,34.51%,49,4.90,-0.54,3,26,6,44,0.60,116,138,4.33,164.37%,2.64,2.65,3.10,2.92,76,26,2.92,1,141,2.82,0.10,5,1,0,4,138,19,10.00%,7.45%,8.16%,0,0.00%,24,10,14,2.64,2.58,0.20,5,11.11%,13,12,27.27%,0.42,17,38.38%,0.93,2.59,F,3.38,363,317.5,0.87,2.56,2.68,129.48,2.57,04-Jun-1980,Gemini,14-Apr-2022,15289,41,42.8,19693,53,12,10.2,3,24,4,Y,N,England,London,30.63,167,R,2,Normal,N,5,31,None,Social work,Monkey,Y,N,Black,0,NA,,,N,N,N,,Meat,Blue,No,,3,19,4,Youngest,Heard of them,Y,,,,,N,49,20,2.45,29,9,3.22,14,5,2.80,22,6,3.67,19,7,2.71,8,4,2.00,3,1,3.00,27,2.70,10,2.00,24,2.40,40,2.67,56,2.80,67,2.68,78,2.60,102,2.91,112,2.80,129,2.87,142,2.84
65,13,Sophie Duker,3.46,173,50,51,3.39,3.44,21.76%,23.38%,10,795,79.50,15.90,15.59,740,31,3.10,17.92%,72,21.5,43.00%,3.35,3.57,41.62%,101,28.5,3.54,58.38%,8,28,3.50,3,-0.20,3.45,3.55,3.46,-0.36,35,3.50,2,8,,20.23%,38.15%,66,6.60,0.04,3,26,6,44,0.60,147,169,4.33,129.71%,3.34,3.41,3.57,3.46,90,26,3.46,1,172,3.44,0.10,3,1,0,3,170,19,6.00%,7.45%,6.12%,3,30.00%,28,13,15,3.34,3.27,0.12,11,24.44%,6,6,13.64%,1.83,17,38.08%,0.93,3.16,F,3.38,363,317.5,0.87,2.93,3.28,159.32,3.17,31-Jan-1990,Aquarius,14-Apr-2022,11761,32,42.8,19693,53,21,10.2,1,24,5,OXBRIDGE,N,England,London,33.71,167,R,0,Normal,Y,1,31,None,French/English,Snake,Y,N,Black,0,NA,,,N,N,Nom,Y,Meat,Yellow,Yes,French,4,19,NA,NA,Met them,N,,,,,N,66,20,3.30,28,9,3.11,16,5,3.20,27,6,4.50,26,7,3.71,11,4,2.75,2,1,2.00,37,3.70,18,3.60,31,3.10,47,3.13,63,3.15,76,3.04,91,3.03,119,3.40,138,3.45,151,3.36,173,3.46
66,14,Dara  Briain,3.68,184,50,52,3.54,3.54,23.12%,24.29%,10,796,79.60,15.92,15.31,757.5,34,3.40,18.48%,69,19,38.00%,3.63,3.89,37.50%,115,31,3.71,62.50%,5,14,2.80,2,-0.08,3.53,3.75,3.57,-0.28,43,4.30,6,7,85.71%,23.37%,41.85%,77,7.70,0.62,3,25,9,41,0.90,159,195,2.78,71.63%,3.88,4.03,3.57,3.83,92,24,3.83,2,182,3.64,0.20,4,0,1,3,181,19,8.00%,7.31%,6.12%,3,30.00%,30,9,21,3.88,3.70,-0.20,17,39.53%,4,4,9.30%,4.25,21,48.84%,0.95,3.37,M,3.25,309,292.5,0.95,3.44,3.61,171.58,3.34,04-Feb-1972,Aquarius,29-Sep-2022,18500,50,39.4,19861,54,4,14.6,5,21,1,Y,N,Ireland,Bray,0.75,195,R,3,Boiler suit,Y,1,40,Media,Maths and theoretical physics,Pig,NA,N,Bald,2,4.5,,,N,N,N,,Meat,Green,Yes,Irish,5,20,Multiple,NA,Seen show,Y,,,,,N,77,20,3.85,28,9,3.11,13,4,3.25,24,8,3.00,24,5,4.80,14,4,3.50,4,1,4.00,38,3.80,17,3.40,47,4.70,64,4.27,83,4.15,102,4.08,112,3.73,133,3.80,142,3.55,164,3.64,184,3.68
67,14,Fern Brady,2.88,144,50,52,2.77,2.77,18.09%,19.01%,10,796,79.60,15.92,15.31,757.5,29,2.90,20.14%,69,19,38.00%,3.63,4.44,47.92%,75,31,2.42,52.08%,5,9,1.80,0,1.21,2.85,2.88,2.74,0.02,30,3.00,1,7,,20.83%,40.97%,59,5.90,0.12,3,25,9,41,0.90,119,155,2.78,95.70%,2.90,2.90,2.83,2.92,70,24,2.92,0,144,2.88,0.00,6,0,1,5,139,19,12.00%,7.31%,10.20%,1,10.00%,23,6,17,2.90,2.77,-0.02,7,16.28%,11,11,25.58%,0.64,18,41.86%,0.95,2.64,F,3.25,309,292.5,0.95,3.44,2.81,130.94,2.55,26-May-1986,Gemini,29-Sep-2022,13275,36,39.4,19861,54,18,14.6,3,21,2,Y,N,Scotland,Bathgate,16.7,172,R,0,Costume,N,4,40,Office,Arabic and Islamic History,Tiger,NA,N,Brown,1,4.3,,,N,N,N,Y,Veggie,Green,No,,3,20,1,Youngest,Heard of them,Y,,,,,Will Run In 2026,59,20,2.95,31,9,3.44,16,4,4.00,14,8,1.75,14,5,2.80,10,4,2.50,0,1,0.00,27,2.70,17,3.40,31,3.10,45,3.00,60,3.00,79,3.16,85,2.83,101,2.89,113,2.83,136,3.02,144,2.88
68,14,John Kearns,2.88,144,50,52,2.77,2.77,18.09%,19.01%,10,796,79.60,15.92,15.31,757.5,26,2.60,18.06%,59,19,38.00%,3.11,3.67,40.97%,85,31,2.74,59.03%,5,5,1.00,0,0.36,2.95,2.95,2.81,-0.28,26,2.60,1,7,,18.06%,36.11%,52,5.20,-0.28,3,30,9,41,0.90,114,155,3.33,119.88%,2.78,2.84,3.07,3.00,72,24,3.00,6,138,2.76,0.60,4,0,1,3,141,19,8.00%,7.31%,6.12%,2,20.00%,23,6,17,2.78,2.65,0.10,7,16.28%,12,12,27.91%,0.58,19,44.19%,0.95,2.64,M,3.25,309,292.5,0.95,2.94,2.82,131.74,2.57,10-Apr-1987,Aries,29-Sep-2022,12956,35,39.4,19861,54,19,14.6,2,21,3,Y,N,England,London,36.62,179,R,1,Suit,N,4,40,Tour Guide,NA,Rabbit,NA,Beard,Blonde,0,NA,,,N,N,Y,,Meat,White,No,,2,20,NA,NA,Seen show,N,,,,,N,52,20,2.60,27,9,3.00,17,4,4.25,19,8,2.38,18,5,3.60,6,4,1.50,5,1,5.00,27,2.70,11,2.20,21,2.10,41,2.73,53,2.65,76,3.04,89,2.97,107,3.06,113,2.83,132,2.93,144,2.88
69,14,Munya Chawawa,3.00,150,50,52,2.88,2.88,18.84%,19.80%,10,796,79.60,15.92,15.31,757.5,22,2.20,14.67%,52,19,38.00%,2.74,3.33,34.67%,98,31,3.16,65.33%,5,12,2.40,1,-0.42,2.95,3.20,3.05,-0.80,32,3.20,1,7,,21.33%,36.00%,54,5.40,0.20,2,36,9,41,0.90,114,139,4.00,143.86%,2.78,2.97,3.20,2.92,70,24,2.92,1,149,2.98,0.10,4,0,1,4,146,19,8.00%,7.31%,8.16%,1,10.00%,21,8,13,2.78,2.65,0.22,6,13.95%,11,11,25.58%,0.55,17,39.53%,0.95,2.75,M,3.25,309,292.5,0.95,2.59,2.94,140.14,2.73,29-Dec-1992,Capricorn,29-Sep-2022,10866,29,39.4,19861,54,25,14.6,1,21,4,Y,N,England,Derby,72.65,170.2,L,0,Costume,N,3,40,None,Psychology,Monkey,NA,Beard,Brown,0,NA,,,Y,N,N,,Meat,Dark blue,No,,5,20,1,NA,Heard of them,Y,,,,,N,54,20,2.70,30,9,3.33,9,4,2.25,28,8,3.50,17,5,3.40,12,4,3.00,0,1,0.00,27,2.70,14,2.80,35,3.50,46,3.07,55,2.75,75,3.00,89,2.97,97,2.77,118,2.95,134,2.98,150,3.00
70,14,Sarah Millican,3.48,174,50,52,3.35,3.35,21.86%,22.97%,10,796,79.60,15.92,15.31,757.5,32,3.20,18.39%,71,19,38.00%,3.74,4.33,40.80%,103,31,3.32,59.20%,5,16,3.20,2,0.41,3.53,3.55,3.38,-0.28,33,3.30,2,7,,18.97%,37.36%,65,6.50,-0.18,2,36,9,41,0.90,138,163,4.00,118.84%,3.37,3.42,3.63,3.46,83,24,3.46,0,174,3.48,0.00,2,0,1,2,172,19,4.00%,7.31%,4.08%,3,30.00%,22,15,7,3.37,3.21,0.11,12,27.91%,4,4,9.30%,3.00,16,37.21%,0.95,3.18,F,3.25,309,292.5,0.95,3.54,3.40,162.21,3.16,29-May-1975,Gemini,29-Sep-2022,17290,47,39.4,19861,54,7,14.6,4,21,5,N,N,England,South Shields,0.93,170,R,0,Normal,N,2,40,Civil Servant,Civil Servant,Rabbit,NA,N,Blonde,1,4.18,,,N,N,Y,,Meat,Dark blue,No,,5,20,1,Youngest,Seen show,N,,,,,N,65,20,3.25,38,9,4.22,10,4,2.50,26,8,3.25,19,5,3.80,16,4,4.00,0,1,0.00,34,3.40,18,3.60,34,3.40,51,3.40,73,3.65,90,3.60,109,3.63,124,3.54,141,3.53,159,3.53,174,3.48
71,15,Frankie Boyle,3.00,150,50,50,3.00,3.04,19.61%,20.83%,10,765,76.50,15.30,15.30,720,37,3.70,24.67%,76,22,44.00%,3.45,3.25,50.67%,74,28,2.64,49.33%,4,10,2.50,1,0.81,3.23,2.83,2.83,0.70,21,2.10,2,8,25.00%,14.00%,38.67%,58,5.80,-0.90,2,24,8,42,0.80,126,,3.00,100.00%,3.00,2.78,3.07,2.96,71,24,2.96,0,150,3.00,0.00,7,1,1,6,144,34,14.00%,13.60%,12.50%,0,0.00%,20,10,10,3.00,3.00,0.00,11,26.19%,12,12,29.27%,0.92,23,55.46%,0.94,2.82,M,3.35,368,322.5,0.88,,,133.60,2.75,16-Aug-1972,Leo,30-Mar-2023,18488,50,42.8,20043,54,4,11.2,4,31,1,Y,N,Scotland,Glasgow,23.45,183,,2,Suit,N,4,43,Teacher,Urban planning,Rat,,Beard,Black,4,4.27,,,N,N,N,,Vegan,Dark blue,No,,3,19,NA,NA,Seen show,N,,,,,N,58,20,2.90,15,6,2.50,20,6,3.33,27,9,3.00,18,6,3.00,4,1,4.00,8,3,2.67,,,12,2.40,28,2.80,44,2.93,56,2.80,69,2.76,87,2.90,104,2.97,120,3.00,140,3.11,150,3.00
72,15,Ivo Graham,2.62,131,50,50,2.62,2.66,17.12%,18.19%,10,765,76.50,15.30,15.30,720,29,2.90,22.14%,69,22,44.00%,3.14,3.33,52.67%,62,28,2.21,47.33%,4,2,0.50,0,0.92,2.75,2.55,2.55,0.28,21,2.10,1,8,12.50%,16.03%,38.17%,50,5.00,-0.52,2,24,8,42,0.80,107,,3.00,117.76%,2.55,2.44,2.70,2.50,60,24,2.50,0,131,2.62,0.00,9,1,1,8,123,34,18.00%,13.60%,16.67%,2,20.00%,21,7,14,2.55,2.55,0.07,5,11.90%,13,11,26.83%,0.45,16,38.73%,0.94,2.47,M,3.35,368,322.5,0.88,,,117.22,2.41,05-Sep-1990,Virgo,30-Mar-2023,11894,32,42.8,20043,54,22,11.2,1,31,2,OXBRIDGE,N,Japan,Tokyo,33,170,,1,Normal,N,5,43,None,French/Russian,Horse,,Stubble beard,Brown,0,NA,,,N,N,Nom,,Meat,Green,No,,4,19,1,Oldest,Met them,Y,,,,,Y,50,20,2.50,17,6,2.83,15,6,2.50,19,9,2.11,17,6,2.83,5,1,5.00,8,3,2.67,,,9,1.80,26,2.60,47,3.13,54,2.70,63,2.52,77,2.57,91,2.60,103,2.58,119,2.64,131,2.62
73,15,Jenny Eclair,3.04,152,50,50,3.04,3.08,19.87%,21.11%,10,765,76.50,15.30,15.30,720,30,3.00,19.74%,67,22,44.00%,3.05,3.08,44.08%,85,28,3.04,55.92%,4,9,2.25,1,0.01,2.83,3.05,3.05,-0.04,39,3.90,3,8,37.50%,25.66%,45.39%,69,6.90,0.86,3,42,8,42,0.80,110,,5.25,200.45%,2.62,2.50,2.77,2.33,56,24,2.33,0,152,3.04,0.00,4,1,1,3,149,34,8.00%,13.60%,6.25%,2,20.00%,22,7,15,2.62,2.62,0.42,6,14.29%,11,10,24.39%,0.60,16,38.68%,0.94,2.86,F,3.35,368,322.5,0.88,,,129.48,2.66,16-Mar-1960,Pisces,30-Mar-2023,23024,63,42.8,20043,54,-9,11.2,5,31,3,Y,N,Malaysia,Kuala Lumpur,93.8,162.6,,1,Normal,N,3,43,Life model,NA,Rat,,N,Blonde,10,4.21,,,N,N,Y,,Meat,Orange,Yes,German,4,19,2,Middle,Heard of them,Y,,,,,N,69,20,3.45,17,6,2.83,12,6,2.00,29,9,3.22,12,6,2.00,3,1,3.00,10,3,3.33,,,16,3.20,31,3.10,51,3.40,66,3.30,88,3.52,95,3.17,106,3.03,122,3.05,134,2.98,152,3.04
74,15,Kiell Smith-Bynoe,3.16,158,50,50,3.16,3.20,20.65%,21.94%,10,765,76.50,15.30,15.30,720,35,3.50,22.15%,77,22,44.00%,3.50,3.50,48.73%,81,28,2.89,51.27%,4,12,3.00,1,0.61,3.28,3.08,3.08,0.34,27,2.70,2,8,25.00%,17.09%,39.24%,62,6.20,-0.46,3,42,8,42,0.80,116,,5.25,190.09%,2.76,2.53,3.20,2.88,69,24,2.88,1,157,3.14,0.10,7,1,1,6,152,34,14.00%,13.60%,12.50%,3,30.00%,25,9,16,2.76,2.76,0.40,10,23.81%,11,10,24.39%,1.00,20,48.20%,0.94,2.97,M,3.35,368,322.5,0.88,,,139.16,2.86,05-Mar-1989,Pisces,30-Mar-2023,12443,34,42.8,20043,54,20,11.2,2,31,4,N,N,England,London,36.62,183,,0,Boiler Suit,N,2,43,None,NA,Snake,,Beard,Bald,0,NA,,,Y,Y,N,,Meat,Red,No,,5,19,NA,NA,Met them,Y,Y,,Y,,N,62,20,3.10,18,6,3.00,18,6,3.00,29,9,3.22,17,6,2.83,0,1,0.00,13,3,4.33,,,15,3.00,29,2.90,38,2.53,51,2.55,76,3.04,88,2.93,108,3.09,128,3.20,149,3.31,158,3.16
75,15,Mae Martin,3.48,174,50,50,3.48,3.53,22.75%,24.17%,10,765,76.50,15.30,15.30,720,30,3.00,17.24%,79,22,44.00%,3.59,4.08,45.40%,95,28,3.39,54.60%,4,15,3.75,3,0.20,3.48,3.60,3.60,-0.48,35,3.50,2,8,25.00%,20.11%,37.36%,65,6.50,0.02,3,42,8,42,0.80,132,,5.25,167.05%,3.14,3.19,3.63,3.42,82,24,3.42,0,174,3.48,0.00,7,1,1,7,167,34,14.00%,13.60%,14.58%,3,30.00%,28,10,18,3.14,3.14,0.34,13,30.95%,10,10,24.39%,1.30,23,55.34%,0.94,3.28,NB,3.35,368,322.5,0.88,,,153.44,3.15,02-May-1987,Taurus,30-Mar-2023,13116,35,42.8,20043,54,19,11.2,3,31,5,N,N,Canada,Toronto,1,167,,0,Normal,Y,1,43,None,NA,Rabbit,,N,Blonde,1,4.2,,,Y,N,Nom,Y,Meat,White,No,,3,19,1,Youngest,Met them,Y,,,,,N,65,20,3.25,20,6,3.33,20,6,3.33,40,9,4.44,20,6,3.33,0,1,0.00,9,3,3.00,,,19,3.80,35,3.50,49,3.27,59,2.95,87,3.48,108,3.60,123,3.51,141,3.53,156,3.47,174,3.48
76,16,Julian Clary,3.10,155,50,49,3.16,3.21,21.50%,21.83%,10,721,72.10,14.42,14.71,710,35,3.50,22.58%,77,23,46.00%,3.35,3.23,49.68%,78,27,2.89,50.32%,11,39,3.55,7,0.46,3.03,3.00,3.08,0.40,34,3.40,4,8,50.00%,21.94%,44.52%,69,6.90,0.30,3,23,6,44,0.60,132,,3.83,,3.00,2.85,2.87,2.73,71,26,2.73,0,155,3.10,0.00,5,1,0,4,151,27,10.00%,11.02%,8.16%,2,20.00%,19,9,10,3.00,3.07,0.10,11,25.58%,11,10,23.81%,1.10,21,49.39%,0.98,3.12,M,3.18,366,342.5,0.94,,,147.23,3.05,25-May-1959,Gemini,21-Sep-2023,23495,64,44.6,20218,55,-9,10.4,5,33,1,Y,N,England,Surrey,39.59,189,,0,Normal,N,2,32,None,English and Drama,Pig,,N,Blonde,18,4.54,,,Y,N,N,Y,Meat,White,No,,5,20,2,Youngest,Heard of them,Y,,,,,N,73,21,3.48,19,6,3.17,11,5,2.20,24,5,4.80,12,6,2.00,7,3,2.33,9,4,2.25,,,19,3.80,35,3.50,54,3.60,71,3.55,86,3.44,95,3.17,108,3.09,123,3.08,138,3.07,155,3.10
77,16,Lucy Beaumont,2.58,129,50,49,2.63,2.67,17.89%,18.17%,10,721,72.10,14.42,14.71,710,27,2.70,20.93%,60,23,46.00%,2.61,2.54,46.51%,69,27,2.56,53.49%,11,25,2.27,2,0.05,2.48,2.55,2.62,0.12,30,3.00,1,8,12.50%,23.26%,44.19%,57,5.70,0.42,3,23,6,44,0.60,106,,3.83,,2.41,2.32,2.40,2.19,57,26,2.19,0,129,2.58,0.00,6,1,0,5,124,27,12.00%,11.02%,10.20%,2,20.00%,20,7,13,2.41,2.47,0.17,6,13.95%,15,14,33.33%,0.43,20,47.29%,0.98,2.59,F,3.18,366,342.5,0.94,,,120.25,2.49,10-Aug-1983,Leo,21-Sep-2023,14652,40,44.6,20218,55,15,10.4,3,33,2,Y,N,England,Truro,8.15,154.9,,1,Normal,N,5,32,Teacher,Drama,Pig,Y,N,Blonde,1,4.03,,,N,N,Nom,,Meat,Black,No,,4,20,NA,NA,Heard of them,Y,,,,,N,61,21,2.90,16,6,2.67,13,5,2.60,8,5,1.60,17,6,2.83,6,3,2.00,8,4,2.00,,,13,2.60,23,2.30,40,2.67,58,2.90,65,2.60,85,2.83,99,2.83,106,2.65,115,2.56,129,2.58
78,16,Sam Campbell,3.22,161,50,49,3.29,3.33,22.33%,22.68%,10,721,72.10,14.42,14.71,710,28,2.80,17.39%,72,23,46.00%,3.13,3.38,44.72%,89,27,3.30,55.28%,11,36,3.27,2,-0.17,3.10,3.33,3.41,-0.42,37,3.70,3,8,37.50%,22.98%,40.37%,65,6.50,0.48,3,23,6,44,0.60,138,,3.83,,3.14,3.24,3.20,3.12,81,26,3.12,0,161,3.22,0.00,3,1,0,3,158,27,6.00%,11.02%,6.12%,2,20.00%,24,10,14,3.14,3.21,0.08,14,32.56%,8,8,19.05%,1.75,22,51.61%,0.98,3.24,M,3.18,366,342.5,0.94,,,151.36,3.13,19-Sep-1992,Virgo,21-Sep-2023,11324,31,44.6,20218,55,24,10.4,1,33,3,NA,N,Australia,Atherton,65.22,171,,0,Normal,Y,1,32,None,???,Monkey,,N,Brown,0,NA,,,N,N,Y,,Inconclusive,Blue,No,,3,20,NA,NA,Never heard of them,Y,,,,,N,67,21,3.19,24,6,4.00,15,5,3.00,14,5,2.80,20,6,3.33,14,3,4.67,7,4,1.75,,,21,4.20,33,3.30,57,3.80,74,3.70,88,3.52,106,3.53,120,3.43,135,3.38,145,3.22,161,3.22
79,16,Sue Perkins,2.74,137,50,49,2.80,2.83,19.00%,19.30%,10,721,72.10,14.42,14.71,710,36,3.60,26.28%,84,23,46.00%,3.65,3.69,61.31%,53,27,1.96,38.69%,11,18,1.64,1,1.69,2.75,2.53,2.59,0.86,27,2.70,1,8,12.50%,19.71%,45.99%,63,6.30,-0.04,2,17,6,44,0.60,120,,2.83,,2.73,2.47,2.47,2.38,62,26,2.38,0,137,2.74,0.00,8,1,0,7,130,27,16.00%,11.02%,14.29%,3,30.00%,20,6,14,2.73,2.79,0.01,11,25.58%,14,13,30.95%,0.85,24,56.53%,0.98,2.75,F,3.18,366,342.5,0.94,,,130.37,2.70,22-Sep-1969,Virgo,21-Sep-2023,19722,53,44.6,20218,55,2,10.4,4,33,4,OXBRIDGE,Y,England,London,36.62,166,,0,Boiler Suit,N,4,32,None,English,Rooster,,N,Black,2,4.18,,,Won Maestro,N,N,Y,Meat,Grey,Yes,French,3,20,2,Oldest,Met them,N,,,,,N,68,21,3.24,20,6,3.33,8,5,1.60,3,5,0.60,16,6,2.67,10,3,3.33,12,4,3.00,,,13,2.60,32,3.20,42,2.80,60,3.00,72,2.88,89,2.97,95,2.71,106,2.65,126,2.80,137,2.74
80,16,Susan Wokoma,2.78,139,50,49,2.84,2.88,19.28%,19.58%,10,721,72.10,14.42,14.71,710,28,2.80,20.14%,74,23,46.00%,3.22,3.54,53.24%,65,27,2.41,46.76%,11,31,2.82,2,0.81,2.80,2.78,2.85,0.02,27,2.70,2,8,25.00%,19.42%,39.57%,55,5.50,-0.08,2,17,6,44,0.60,122,,2.83,,2.77,2.76,2.80,2.77,72,26,2.77,0,139,2.78,0.00,5,1,0,4,135,27,10.00%,11.02%,8.16%,1,10.00%,19,6,13,2.77,2.84,0.01,7,16.28%,8,7,16.67%,1.00,14,32.95%,0.98,2.79,F,3.18,366,342.5,0.94,,,130.75,2.71,31-Dec-1987,Capricorn,21-Sep-2023,13048,35,44.6,20218,55,20,10.4,2,33,5,RADA,N,England,London,36.62,163,,0,Normal,N,3,32,None,Acting,Rabbit,,N,Black,0,NA,,,N,N,N,,Meat,Red,No,,5,20,1,Youngest,Heard of them,N,,Y,,,N,58,21,2.76,21,6,3.50,8,5,1.60,14,5,2.80,19,6,3.17,9,3,3.00,10,4,2.50,,,14,2.80,33,3.30,39,2.60,50,2.50,63,2.52,80,2.67,92,2.63,109,2.73,123,2.73,139,2.78
81,17,Joanne McNally,3.42,171,50,50,3.42,3.42,21.62%,23.42%,10,791,79.10,15.82,15.82,730,30,3.00,17.54%,83,26,52.00%,3.19,3.31,48.54%,88,24,3.67,51.46%,8,29,3.63,4,-0.47,3.45,3.53,3.53,-0.42,33,3.30,3,8,37.50%,19.30%,36.84%,63,6.30,-0.12,3,41,8,42,0.80,130,,5.13,,3.10,3.13,3.60,3.21,77,24,3.21,3,168,3.36,0.30,1,0,0,1,170,19,2.00%,7.60%,2.00%,1,10.00%,20,12,8,3.10,3.10,0.32,8,19.05%,8,8,19.05%,1.00,16,38.10%,0.92,3.16,F,3.22,419,382.5,0.91,,,156.78,3.14,07-May-1983,Taurus,28-Mar-2024,14936,40,43.2,20407,55,15,11.8,2,20,1,Y,N,Ireland,Roscommon,78,171.7,,0,Boiler Suit,N,2,61,Public Relations,Sociology,Pig,,N,Blonde,0,NA,,,N,N,N,,No red meat,Red,No,,5,20,1,Youngest,Never heard of them,N,,,,,N,63,20,3.15,16,4,4.00,14,4,3.50,34,10,3.40,18,5,3.60,11,4,2.75,15,3,5.00,,,18,3.60,38,3.80,56,3.73,73,3.65,85,3.40,105,3.50,118,3.37,135,3.38,154,3.42,,
82,17,John Robins,3.84,192,50,50,3.84,3.84,24.27%,26.30%,10,791,79.10,15.82,15.82,730,32,3.20,16.67%,95,26,52.00%,3.65,3.94,49.48%,97,24,4.04,50.52%,8,28,3.50,2,-0.39,3.83,4.00,4.00,-0.64,39,3.90,2,8,25.00%,20.31%,36.98%,71,7.10,0.06,3,41,8,42,0.80,151,,5.13,,3.60,3.72,4.03,3.75,90,24,3.75,3,189,3.78,0.30,2,0,0,2,190,19,4.00%,7.60%,4.00%,5,50.00%,22,17,5,3.60,3.60,0.24,12,28.57%,4,4,9.52%,3.00,16,38.10%,0.92,3.54,M,3.22,419,382.5,0.91,,,175.25,3.51,04-May-1982,Taurus,28-Mar-2024,15304,41,43.2,20407,55,14,11.8,3,20,2,OXBRIDGE,N,England,Bristol,18.78,180,,0,Costume,Y,1,61,Bookshop,English,Dog,,Stubble beard,Brown,2.5,4.17,,,N,N,Y,,Vegan,Yellow,Yes,French (basic),3,20,1,NA,Heard of them,N,,,,,Park Run,71,20,3.55,16,4,4.00,13,4,3.25,45,10,4.50,18,5,3.60,13,4,3.25,16,3,5.33,,,18,3.60,35,3.50,57,3.80,75,3.75,95,3.80,113,3.77,131,3.74,153,3.83,174,3.87,,
83,17,Nick Mohammed,2.62,131,50,50,2.62,2.62,16.56%,17.95%,10,791,79.10,15.82,15.82,730,26,2.60,19.85%,75,26,52.00%,2.88,3.06,57.25%,56,24,2.33,42.75%,8,15,1.88,1,0.55,2.65,2.63,2.63,-0.02,25,2.50,1,8,12.50%,19.08%,38.93%,51,5.10,-0.12,2,23,8,42,0.80,108,,2.88,,2.57,2.56,2.67,2.50,60,24,2.50,2,129,2.58,0.20,6,0,0,6,125,19,12.00%,7.60%,12.00%,1,10.00%,19,10,9,2.57,2.57,0.05,7,16.67%,13,13,30.95%,0.54,20,47.62%,0.92,2.42,M,3.22,419,382.5,0.91,,,120.44,2.41,04-Oct-1980,Libra,28-Mar-2024,15881,43,43.2,20407,55,12,11.8,4,20,3,Y,Y,England,Yorkshire,61,164,,3,Costume,N,5,61,None,Geophysics,Monkey,,N,Black,2,4.5,,,Y,N,Emmy Nom,,Meat,Black,No,,4,20,NA,NA,Seen show,Y,,Y,,,N,51,20,2.55,10,4,2.50,7,4,1.75,28,10,2.80,10,5,2.00,14,4,3.50,11,3,3.67,,,10,2.00,24,2.40,34,2.27,47,2.35,62,2.48,72,2.40,91,2.60,106,2.65,120,2.67,,
84,17,Sophie Willan,2.88,144,50,50,2.88,2.88,18.20%,19.73%,10,791,79.10,15.82,15.82,730,27,2.70,18.75%,74,26,52.00%,2.85,2.94,51.39%,70,24,2.92,48.61%,8,21,2.63,2,-0.07,2.90,2.93,2.93,-0.18,28,2.80,1,8,12.50%,19.44%,38.19%,55,5.50,-0.08,3,41,8,42,0.80,103,,5.13,,2.45,2.38,2.97,2.42,58,24,2.42,3,141,2.82,0.30,4,0,0,4,140,19,8.00%,7.60%,8.00%,1,10.00%,21,8,13,2.45,2.45,0.43,8,19.05%,11,11,26.19%,0.73,19,45.24%,0.92,2.66,F,3.22,419,382.5,0.91,,,129.91,2.60,21-Oct-1987,Libra,28-Mar-2024,13308,36,43.2,20407,55,19,11.8,1,20,4,N,N,England,Bolton,24.27,162.56,,0,Boiler Suit,N,4,61,Sex worker,,Rabbit,,N,Red,2,5,,,Y,N,Nom,,Meat,Pink,No,,4,20,NA,NA,Seen show,N,,,,,N,55,20,2.75,8,4,2.00,14,4,3.50,33,10,3.30,15,5,3.00,5,4,1.25,14,3,4.67,,,8,1.60,25,2.50,34,2.27,48,2.40,64,2.56,83,2.77,99,2.83,113,2.83,123,2.73,,
85,17,Steve Pemberton,3.06,153,50,50,3.06,3.06,19.34%,20.96%,10,791,79.10,15.82,15.82,730,39,3.90,25.49%,93,26,52.00%,3.58,3.38,60.78%,60,24,2.50,39.22%,8,20,2.50,2,1.08,3.20,2.85,2.85,0.84,25,2.50,1,8,12.50%,16.34%,41.83%,64,6.40,-0.56,2,23,8,42,0.80,130,,2.88,,3.10,2.84,2.97,2.88,69,24,2.88,2,151,3.02,0.20,6,0,0,6,147,19,12.00%,7.60%,12.00%,2,20.00%,21,8,13,3.10,3.10,-0.04,9,21.43%,8,8,19.05%,1.13,17,40.48%,0.92,2.82,M,3.22,419,382.5,0.91,,,131.59,2.63,01-Sep-1967,Virgo,28-Mar-2024,20663,56,43.2,20407,55,-1,11.8,5,20,5,Y,N,England,Blackburn,22.77,175,,3,"""Suit""",N,3,61,Journalist,Theatre,Sheep,,N,Grey,0,NA,,,Y,N,Y,,Meat,Black,Yes,French & German,4,20,NA,NA,Seen show,Y,,Y,Y,Y,N,64,20,3.20,9,4,2.25,9,4,2.25,32,10,3.20,16,5,3.20,17,4,4.25,6,3,2.00,,,18,3.60,39,3.90,56,3.73,68,3.40,82,3.28,98,3.27,106,3.03,123,3.08,137,3.04,,
86,18,Andy Zaltzman,3.20,160,50,50,3.20,3.38,21.25%,23.10%,10,753,75.30,15.06,15.06,692.5,38,3.80,23.75%,71,20,40.00%,3.55,3.30,44.38%,89,30,2.97,55.63%,11,40,3.64,4,0.58,3.38,3.05,3.05,0.60,25,2.50,3,8,37.50%,15.63%,39.38%,63,6.30,-0.70,3,28,7,43,0.70,132,,4.00,,3.07,2.85,3.23,3.04,76,25,3.04,0,160,3.20,,6,4,0,3,,25,12.00%,10.00%,6.52%,3,30.00%,21,9,12,3.07,3.07,,11,25.58%,9,6,15.38%,1.83,17,40.97%,,,M,3.24,324,295,0.91,,,145.51,3.07,06-Oct-1974,Libra,12-Sep-2024,18239,49,43.2,20575,56,7,12.8,4,29,1,OXBRIDGE,N,England,London,36.62,178,,2,Costume,Y,1,23,Sports statistician,Classics,Tiger,,N,Red,2,4.33,,,N,Y,Nom,,Meat,White,No,,4,20,1,Oldest,Seen Show,Y,,,,,N,,,,,,,,,,,,,,,,,,,,,,,,9,1.80,21,2.10,42,2.80,60,3.00,73,2.92,91,3.03,107,3.06,126,3.15,146,3.24,160,3.20
87,18,Babatunde Alsh,2.94,147,50,50,2.84,3.11,19.52%,21.23%,10,753,75.30,15.06,15.06,692.5,23,2.30,15.65%,56,20,40.00%,2.80,3.30,38.10%,91,30,3.03,61.90%,11,38,3.45,4,-0.23,3.15,3.10,3.10,-0.64,21,2.10,1,8,12.50%,14.29%,29.93%,44,4.40,-0.84,3,28,7,43,0.70,119,,4.00,,2.77,2.91,3.43,3.28,82,25,3.28,5,142,2.84,,5,4,0,1,,25,10.00%,10.00%,2.17%,1,10.00%,22,9,13,2.77,2.77,,7,16.28%,11,7,17.95%,1.00,14,34.23%,,,M,3.24,324,295,0.91,,,129.85,2.74,02-Aug-1986,Leo,12-Sep-2024,13921,38,43.2,20575,56,18,12.8,3,29,2,RCSoSD,N,England,London,36.62,171,,2,Normal,N,4,23,TfL,Drama,Tiger,,Beard,Black,0,NA,,,N,N,Amused Moose,,Meat,Black,No,,7,20,NA,,Never heard of them,Y,,,,Y,N,,,,,,,,,,,,,,,,,,,,,,,,9,1.80,22,2.20,40,2.67,62,3.10,77,3.08,90,3.00,105,3.00,119,2.98,137,3.04,147,2.94
88,18,Emma Sidi,3.04,152,50,50,3.02,3.21,20.19%,21.95%,10,753,75.30,15.06,15.06,692.5,35,3.50,23.03%,64,20,40.00%,3.20,2.90,42.11%,88,30,2.93,57.89%,11,37,3.36,5,0.27,3.30,2.93,2.93,0.46,20,2.00,0,8,0.00%,13.16%,36.18%,55,5.50,-1.04,3,28,7,43,0.70,124,,4.00,,2.88,2.70,3.23,3.04,76,25,3.04,1,151,3.02,,5,4,0,1,,25,10.00%,10.00%,2.17%,4,40.00%,22,8,14,2.88,2.88,,11,25.58%,11,7,17.95%,1.57,18,43.53%,,,F,3.24,324,295,0.91,,,140.10,2.96,05-Feb-1991,Aquarius,12-Sep-2024,12273,33,43.2,20575,56,23,12.8,1,29,3,OXBRIDGE,Y,USA,NA,NA,167,,0,Costume,N,3,23,None,French/Spanish,Goat,,N,Black,0,NA,,,Y,Y,N,,Meat,Brown,Yes,French & Spanish,4,20,2,NA,Seen Show,Y,Y,,Y,,N,,,,,,,,,,,,,,,,,,,,,,,,13,2.60,29,2.90,42,2.80,56,2.80,75,3.00,83,2.77,105,3.00,114,2.85,135,3.00,152,3.04
89,18,Jack Dee,3.14,157,50,50,3.06,3.32,20.85%,22.67%,10,753,75.30,15.06,15.06,692.5,30,3.00,19.11%,67,20,40.00%,3.35,3.70,42.68%,90,30,3.00,57.32%,11,30,2.73,2,0.35,3.23,3.18,3.18,-0.14,28,2.80,3,8,37.50%,17.83%,36.94%,58,5.80,-0.34,2,12,7,43,0.70,145,,1.71,,3.37,3.48,3.30,3.60,90,25,3.60,4,153,3.06,,4,4,0,2,,25,8.00%,10.00%,4.35%,1,10.00%,20,10,10,3.37,3.37,,11,25.58%,6,4,10.26%,2.75,15,35.84%,,,M,3.24,324,295,0.91,,,144.61,3.06,24-Sep-1961,Virgo,12-Sep-2024,22999,62,43.2,20575,56,-6,12.8,5,29,4,N,N,England,Kent,45.2,169,,4,Suit,N,2,23,Catering,Waiter,Ox,,Beard,Grey,2,3.73,,,Y,N,Brit Com Award,,Meat,Blue,No,,2,20,2,Youngest,Seen Show,Y,,,,,N,,,,,,,,,,,,,,,,,,,,,,,,16,3.20,36,3.60,53,3.53,65,3.25,84,3.36,101,3.37,111,3.17,128,3.20,143,3.18,157,3.14
90,18,Rosie Jones,2.74,137,50,50,2.74,2.89,18.19%,19.78%,10,753,75.30,15.06,15.06,692.5,36,3.60,26.28%,66,20,40.00%,3.30,3.00,48.18%,71,30,2.37,51.82%,11,28,2.55,0,0.93,2.95,2.53,2.53,0.86,19,1.90,1,8,12.50%,13.87%,40.15%,55,5.50,-0.84,2,12,7,43,0.70,125,,1.71,,2.91,2.70,2.73,2.92,73,25,2.92,0,137,2.74,,5,4,0,2,,25,10.00%,10.00%,4.35%,1,10.00%,17,10,7,2.91,2.91,,8,18.60%,8,5,12.82%,1.60,13,31.43%,,,F,3.24,324,295,0.91,,,125.32,2.65,24-Jun-1990,Cancer,12-Sep-2024,12499,34,43.2,20575,56,22,12.8,2,29,5,Y,N,England,Humberside,14.8,164,,0,Boiler Suit,N,5,23,Writing,English language/Creative Writing,Horse,,N,Brown,5,4.69,,,N,N,N,Y,Meat,Yellow,No,,3,20,1,Oldest,Seen Show,N,,,,,Y,,,,,,,,,,,,,,,,,,,,,,,,17,3.40,32,3.20,46,3.07,59,2.95,71,2.84,81,2.70,93,2.66,110,2.75,123,2.73,137,2.74
91,19,Fatiha El-Ghorri,2.82,141,50,50,2.82,2.82,18.48%,19.32%,10,763,76.30,15.26,15.26,730,23,2.30,16.31%,60,23,46.00%,2.61,2.85,42.55%,81,27,3.00,57.45%,10,40,4.00,5,-0.39,2.90,2.95,2.95,-0.52,25,2.50,1,7,14.29%,17.73%,34.04%,48,4.80,-0.32,3,30,8,42,0.80,111,,3.75,,2.64,2.75,3.10,2.88,75,25,3.00,0,141,2.82,,2,0,1,2,,12,4.00%,4.80%,4.08%,1,10.00%,20,8,12,2.64,2.64,,6,14.29%,12,12,28.57%,0.50,18,42.86%,,,F,3.15,362,345,0.95,,,112.27,2.28,19-Apr-1981,Aries,1-May-2025,16083,44,42.8,20806,56,12,13.2,3,15,1,N,N,England,London,36.62,165,,0,Normal,N,5,28,None,None,Rooster,,N,NA,0,,,,N,Y,N,,Meat,Black,Yes,Darija (Moroccan dialect of Arabic),6,23,12,Middle,Heard of them,Y,,,,,N,,,,,,,,,,,,,,,,,,,,,,,,10,2.00,25,2.50,37,2.47,57,2.85,68,2.72,88,2.93,106,3.03,120,3.00,133,2.96,141,2.82
92,19,Jason Mantzoukas,3.00,150,50,50,3.00,3.00,19.66%,20.55%,10,763,76.30,15.26,15.26,730,37,3.70,24.67%,79,23,46.00%,3.43,3.23,52.67%,71,27,2.63,47.33%,10,20,2.00,1,0.81,3.03,2.83,2.83,0.70,29,2.90,2,7,28.57%,19.33%,44.00%,66,6.60,-0.10,2,26,8,42,0.80,124,,3.25,,2.95,2.72,2.80,2.64,71,25,2.84,1,149,2.98,,3,0,1,2,,12,6.00%,4.80%,4.08%,2,20.00%,23,6,17,2.95,2.95,,10,23.81%,10,10,23.81%,1.00,20,47.62%,,,M,3.15,362,345,0.95,,,100.60,2.04,18-Dec-1972,Sagittarius,1-May-2025,19127,52,42.8,20806,56,4,13.2,5,15,2,Y,N,USA,Massachusetts,0.1,178,,0,Normal,N,3,28,Academic,Religious and Transcendental Music,Rat,,Beard,Grey,2,3.93,,,N,N,N,,Cannot eat eggs,White,No,,5,23,1,Oldest,Seen show,Y,,,,,N,,,,,,,,,,,,,,,,,,,,,,,,16,3.20,29,2.90,39,2.60,49,2.45,66,2.64,84,2.80,90,2.57,107,2.68,130,2.89,150,3.00
93,19,Mathew Baynton,3.38,169,50,50,3.38,3.38,22.15%,23.15%,10,763,76.30,15.26,15.26,730,37,3.70,21.89%,86,23,46.00%,3.74,3.77,50.89%,83,27,3.07,49.11%,10,36,3.60,3,0.67,3.40,3.30,3.30,0.32,33,3.30,1,7,14.29%,19.53%,41.42%,70,7.00,-0.08,3,30,8,42,0.80,139,,3.75,,3.31,3.19,3.30,3.12,81,25,3.24,0,169,3.38,,2,0,1,2,,12,4.00%,4.80%,4.08%,4,40.00%,23,13,10,3.31,3.31,,11,26.19%,6,6,14.29%,1.83,17,40.48%,,,M,3.15,362,345,0.95,,,130.38,2.64,18-Nov-1980,Scorpio,1-May-2025,16235,44,42.8,20806,56,12,13.2,4,15,3,Y,N,England,Essex,0.4,178,,2,Costume,Y,1,28,None,Clowning,Monkey,,Beard,Brown,0,,,,Y,N,N,,Vegan,Orange,No,,4,23,2,Youngest,Seen Show,Y,Y,,Y,,N,,,,,,,,,,,,,,,,,,,,,,,,19,3.80,42,4.20,55,3.67,70,3.50,84,3.36,100,3.33,123,3.51,138,3.45,154,3.42,169,3.38
94,19,Rosie Ramsey,2.98,149,50,50,2.98,2.98,19.53%,20.41%,10,763,76.30,15.26,15.26,730,26,2.60,17.45%,63,23,46.00%,2.74,2.85,42.28%,86,27,3.19,57.72%,10,31,3.10,3,-0.45,3.00,3.08,3.08,-0.38,29,2.90,0,7,0.00%,19.46%,36.91%,55,5.50,-0.08,3,30,8,42,0.80,119,,3.75,,2.83,2.91,3.13,2.92,76,25,3.04,0,149,2.98,,2,0,1,2,,12,4.00%,4.80%,4.08%,1,10.00%,21,8,13,2.83,2.83,,7,16.67%,7,7,16.67%,1.00,14,33.33%,,,F,3.15,362,345,0.95,,,117.03,2.37,30-Aug-1986,Virgo,1-May-2025,14124,38,42.8,20806,56,18,13.2,2,15,4,N,N,England,South Shields,0.93,164,,2,Normal,N,4,28,Hospitality,Blue Coat at Pontins,Tiger,,N,Blonde,2,4.15,,,N,N,N,,Meat,Blue,No,,4,23,2,Middle,Heard of them,N,,,,,N,,,,,,,,,,,,,,,,,,,,,,,,16,3.20,29,2.90,37,2.47,58,2.90,75,3.00,93,3.10,113,3.23,124,3.10,135,3.00,149,2.98
95,19,Stevie Martin,3.08,154,50,50,3.08,3.08,20.18%,21.10%,10,763,76.30,15.26,15.26,730,28,2.80,18.18%,74,23,46.00%,3.22,3.54,48.05%,80,27,2.96,51.95%,10,29,2.90,3,0.25,3.00,3.15,3.15,-0.28,34,3.40,3,7,42.86%,22.08%,40.26%,62,6.20,0.32,2,26,8,42,0.80,128,,3.25,,3.05,3.13,3.07,2.96,79,25,3.16,0,154,3.08,,3,0,1,2,,12,6.00%,4.80%,4.08%,2,20.00%,23,6,17,3.05,3.05,,9,21.43%,8,8,19.05%,1.13,17,40.48%,,,F,3.15,362,345,0.95,,,107.45,2.18,12-May-1988,Taurus,1-May-2025,13503,36,42.8,20806,56,20,13.2,1,15,5,Y,N,England,Chester,16.3,173,,0,Boiler Suit,N,2,28,Journalist,English literature,Dragon,,N,Blonde,0,,,,Y,N,N,,Vegetarian,Black,No,,4,23,1,Oldest,Met them,N,,,,,N,,,,,,,,,,,,,,,,,,,,,,,,17,3.40,30,3.00,41,2.73,56,2.80,70,2.80,84,2.80,90,2.57,113,2.83,132,2.93,154,3.08
96,20,Ania Magliano,3.02,151,50,50,3.02,3.06,20.30%,20.90%,10,744,74.40,14.88,14.88,722.5,34,3.40,22.52%,83,24,48.00%,3.46,3.50,54.97%,68,26,2.62,45.03%,6,21,3.50,2,0.84,3.15,2.93,2.93,0.38,25,2.50,4,9,44.44%,16.56%,39.07%,59,5.90,-0.52,3,16,7,43,0.70,135,,2.29,,3.14,3.06,3.07,3.17,76,24,3.17,0,,,,6,1,0,5,,25,12.00%,10.00%,10.20%,2,20.00%,20,10,10,3.14,3.14,,14,32.56%,10,9,21.43%,1.56,23,53.99%,,,F,3.34,401,350,0.87,,,,,17-Feb-1998,Aquarius,11-Sep-2025,10068,27,43.8,20939,57,30,13.2,1,34,1,OXBRIDGE,Y,England,Buckinghamshire,67.5,168,,0,Suit,N,2,8,None,Literature,Tiger,,N,Red,0,,,,N,N,Nom,Y,Meat,Beige,No,,5,19,NA,,Heard of them,Y,,,,,N,,,,,,,,,,,,,,,,,,,,,,,,15,3.00,30,3.00,48,3.20,67,3.35,78,3.12,91,3.03,111,3.17,125,3.13,141,3.13,151,3.02
97,20,Maisie Adam,3.02,151,50,50,3.02,3.06,20.30%,20.90%,10,744,74.40,14.88,14.88,722.5,41,4.10,27.15%,79,24,48.00%,3.29,2.71,52.32%,72,26,2.77,47.68%,6,19,3.17,2,0.52,3.15,2.75,2.75,1.08,25,2.50,1,9,11.11%,16.56%,43.71%,66,6.60,-0.52,2,25,7,43,0.70,126,,3.57,,2.93,2.58,2.83,2.71,65,24,2.71,1,,,,4,1,0,3,,25,8.00%,10.00%,6.12%,3,30.00%,19,7,12,2.93,2.93,,10,23.26%,9,8,19.05%,1.25,18,42.30%,,,F,3.34,401,350,0.87,,,,,24-Jan-1994,Aquarius,11-Sep-2025,11553,31,43.8,20939,57,26,13.2,2,34,2,Y,N,England,Harrogate,68.7,180,,0,Normal,Y,1,8,Actor,Drama,Dog,,N,Blonde,0,,,,Y,N,Nom,,Meat,Black,No,,4,19,1,Oldest,Met them,Y,,,,,Y,,,,,,,,,,,,,,,,,,,,,,,,19,3.80,33,3.30,52,3.47,66,3.30,73,2.92,85,2.83,102,2.91,118,2.95,134,2.98,151,3.02
98,20,Phil Ellis,3.02,151,50,50,3.02,3.06,20.30%,20.90%,10,744,74.40,14.88,14.88,722.5,27,2.70,17.88%,76,24,48.00%,3.17,3.50,50.33%,75,26,2.88,49.67%,6,15,2.50,0,0.28,3.13,3.10,3.10,-0.32,26,2.60,2,9,22.22%,17.22%,35.10%,53,5.30,-0.42,3,14,7,43,0.70,137,,2.00,,3.19,3.33,3.27,3.50,84,24,3.50,0,,,,4,1,0,4,,25,8.00%,10.00%,8.16%,3,30.00%,21,9,12,3.19,3.19,,10,23.26%,7,7,16.67%,1.43,17,39.92%,,,M,3.34,401,350,0.87,,,,,01-Jan-1981,NA,11-Sep-2025,16324,44,43.8,20939,57,13,13.2,3,34,3,Y,N,England,Preston,12,176,,0,Costume,N,2,8,Airbag factory worker,Media and production,Rooster,,N,Black/balding,0,,,,Y,N,Nom,,NA,Black,No,,3,19,NA,,Heard of them,N,,,,,N,,,,,,,,,,,,,,,,,,,,,,,,16,3.20,25,2.50,39,2.60,55,2.75,73,2.92,89,2.97,106,3.03,118,2.95,139,3.09,151,3.02
99,20,Reece Shearsmith,2.96,148,50,50,2.96,3.00,19.89%,20.48%,10,744,74.40,14.88,14.88,722.5,32,3.20,21.62%,89,24,48.00%,3.71,4.07,60.14%,59,26,2.27,39.86%,6,14,2.33,1,1.44,2.90,2.90,2.90,0.24,32,3.20,1,9,11.11%,21.62%,43.24%,64,6.40,0.24,2,27,7,43,0.70,121,,3.86,,2.81,2.70,2.80,2.58,62,24,2.58,6,,,,5,1,0,4,,25,10.00%,10.00%,8.16%,1,10.00%,22,8,14,2.81,2.81,,6,13.95%,11,10,23.81%,0.60,16,37.76%,,,M,3.34,401,350,0.87,,,,,27-Aug-1969,Virgo,11-Sep-2025,20469,56,43.8,20939,57,1,13.2,4,34,4,Y,N,England,Hull,15.4,169,,2,Suit,N,4,8,None,Drama,Rooster,,N,Black,0,,,,Y,N,Y,,Meat,Beige,Yes,German,3,19,1,NA,Seen show,Y,,Y,,Y,N,,,,,,,,,,,,,,,,,,,,,,,,13,2.60,35,3.50,46,3.07,63,3.15,77,3.08,85,2.83,98,2.80,115,2.88,132,2.93,148,2.96
100,20,Sanjeev Bhaskar,2.86,143,50,50,2.86,2.90,19.22%,19.79%,10,744,74.40,14.88,14.88,722.5,29,2.90,20.28%,76,24,48.00%,3.17,3.36,53.15%,67,26,2.58,46.85%,6,19,3.17,2,0.59,3.08,2.85,2.85,0.04,20,2.00,0,9,0.00%,13.99%,34.27%,49,4.90,-0.86,3,15,7,43,0.70,128,,2.14,,2.98,3.00,3.13,3.29,79,24,3.29,1,,,,6,1,0,5,,25,12.00%,10.00%,10.20%,0,0.00%,19,9,10,2.98,2.98,,11,25.58%,10,9,21.43%,1.22,20,47.01%,,,M,3.34,401,350,0.87,,,,,31-Oct-1963,Scorpio,11-Sep-2025,22596,61,43.8,20939,57,-4,13.2,5,34,5,Y,N,England,London,36.62,165,,1,Normal,N,5,8,Marketing executive at IBM,Marketing,Rabbit,,N,Black/grey,1,3.6,,,Y,N,N,,Meat,Black,Yes,"Hindi, Punjabi",4,19,1,Youngest,Seen show,Y,,,,Y,N,,,,,,,,,,,,,,,,,,,,,,,,12,2.40,21,2.10,36,2.40,55,2.75,67,2.68,81,2.70,99,2.83,112,2.80,127,2.82,143,2.86